id_institution,test_SMAPE,test_R2,test_R2_clip,test_n_obs,paper_RMSE,paper_R2,paper_Harmonic,paper_n_pts
0,21.816419716287236,0.7385224726782144,0.7385224726782144,3480,0.08889219811502154,0.7362220647181159,0.1329729867148104,4008
1,23.71771103288903,0.5991461873069761,0.5991461873069761,3480,0.017620128135373208,0.6101985765330753,0.033716189051985083,4008
2,30.107729048938474,0.1583671420713133,0.1583671420713133,3480,0.05674282838485352,0.1891506339747947,0.10606339411253252,4008
3,27.491720111170224,0.7015505794169683,0.7015505794169683,3480,0.07712681867866544,0.704849243579579,0.12229605217155408,4008
4,69.47504919199238,0.5220430183504475,0.5220430183504475,3480,0.050876604826582635,0.5039622298309261,0.09228763684315892,4008
5,63.69294018851945,0.283649346841767,0.283649346841767,3480,0.0845781460046302,0.4676174165819478,0.14596693022192475,4008
6,77.51290199674376,0.26505276563632296,0.26505276563632296,3480,0.044549211084046206,0.25190270177059015,0.08409081238266643,4008
7,75.9933220247004,0.5023042411439902,0.5023042411439902,3480,0.017998400433423146,0.504460983361638,0.034735189122919306,4008
8,106.05602447796487,0.3138195798407797,0.3138195798407797,3471,0.04868119963215344,0.30027527722643554,0.09102931416522653,4008
9,37.6739874552293,0.21808569652049747,0.21808569652049747,3480,0.05191413524403388,0.2471504606262953,0.09713045963218885,4008
10,45.12928985059139,0.728482961052878,0.728482961052878,3480,0.07879584131546422,0.7313981126943361,0.12184715066029417,4008
11,130.4574625382172,-0.20611494562068655,-0.20611494562068655,3480,0.11144643233648226,-0.1830589382778458,0.20370359352357428,4008
12,49.50020686962803,0.4579936758202535,0.4579936758202535,3478,0.06222189613675873,0.5987169742018084,0.10773819034510067,4008
13,81.97637657170613,0.011228054567550605,0.011228054567550605,3479,0.028244153807222703,0.01720093972268455,0.05491026977556159,4008
14,76.08802063151495,0.13118273493841914,0.13118273493841914,3480,0.07043850530343315,0.13959660249229988,0.13021659015437517,4008
15,74.21524141299636,0.15699081018898975,0.15699081018898975,3480,0.06215798701724083,0.19894583254329412,0.11536425728672568,4008
16,65.0665566765249,0.5003235155103819,0.5003235155103819,3480,0.03547092155300278,0.4656211994344822,0.06652599019958756,4008
17,60.973540371405576,0.4462224823889316,0.4462224823889316,3480,0.05697523642634596,0.45869588717782284,0.10309876095618262,4008
18,94.25523161712687,0.22479305709044883,0.22479305709044883,3480,0.03208198850709996,0.24620964988255845,0.06154458468803374,4008
19,66.88606153407048,-0.00032845765706701613,-0.00032845765706701613,3480,0.08486682404079415,-0.0024212883430942966,0.15648531446929517,4008
20,89.36046832113509,0.013543425621883931,0.013543425621883931,3478,0.0838235470856919,0.04485245500475865,0.15412142998383802,4008
21,71.9386722937297,-0.022224896757035983,-0.022224896757035983,3480,0.05338148156999887,-0.019814741267107694,0.10145250357264116,4008
22,32.90252476905684,0.4633498305257805,0.4633498305257805,3480,0.0414313584628946,0.4645471711804876,0.07691158322539347,4008
23,28.694138351580506,0.7161519086134374,0.7161519086134374,3480,0.09090628446830681,0.7134115737817031,0.13802942537520113,4008
24,48.271763062537524,0.04354472180872471,0.04354472180872471,3480,0.04489393068225856,0.06643794372257872,0.08566817680238159,4008
25,51.61560612145062,0.1252238200521273,0.1252238200521273,3480,0.03079254020866417,0.13544404606115623,0.05946706594877217,4008
26,46.15299960445993,0.18129303879005276,0.18129303879005276,3480,0.14007471097200483,0.47646658126454,0.22101535237635656,4008
27,33.366022974020574,0.3421656990941735,0.3421656990941735,3480,0.07100814601015133,0.3626887543757583,0.1277793337798553,4008
28,46.41488185001856,0.1297540568090253,0.1297540568090253,3480,0.0777478116143687,0.19426688683708426,0.1418117460984028,4008
29,51.060764240896006,0.2496231035185501,0.2496231035185501,3478,0.13709050353623842,0.31202270291614953,0.2286240088580399,4008
30,66.40321760646181,-10.181381161545897,-1.0,3478,0.12323142530240791,-2.3992914524975406,0.23784063027644275,4008
31,45.14091411679598,0.44118639464258125,0.44118639464258125,3474,0.032736702786064074,0.438170637080858,0.06186845140094793,4008
32,27.625122255226938,0.3973839087960469,0.3973839087960469,3480,0.07701100726743394,0.41415748881478764,0.13612757760349495,4008
33,32.90850492058076,0.3659077706362571,0.3659077706362571,3480,0.08136371986273071,0.4124050563261641,0.14293532020972677,4008
34,40.537517744534746,0.6873638198510129,0.6873638198510129,3480,0.061984726314327804,0.6951126009027019,0.10302424567431788,4008
35,70.7452502518384,0.32371290133055763,0.32371290133055763,3480,0.07188595329484475,0.3480505333935693,0.12949354955152906,4008
36,43.1350516178652,0.3676774381476101,0.3676774381476101,3480,0.07387189137491444,0.4006470866319818,0.1315320915083248,4008
37,30.588817538414403,0.04091652489739084,0.04091652489739084,3480,0.0022010432150218343,0.09960044856443484,0.004391351690308052,4008
38,83.34642018436324,0.4407322928459456,0.4407322928459456,3476,0.06355094389178109,0.5060744632575438,0.1126125860467733,4008
39,81.98440773085129,-0.05079067080840338,-0.05079067080840338,3480,0.07649935703740933,-0.035793387119007036,0.14247603170026915,4008
40,72.32350742738289,0.4586900857594941,0.4586900857594941,3480,0.06804231576179165,0.4782796004456883,0.12038422655055653,4008
41,71.79041384383332,0.28211852164246176,0.28211852164246176,3480,0.056504481513429024,0.2793468181231078,0.10479246698878732,4008
42,67.59976081832254,0.5117773578291351,0.5117773578291351,3480,0.07706241086112928,0.5243932174743334,0.13263415338470477,4008
43,71.15567362972473,0.28979019220696767,0.28979019220696767,3480,0.02365272180897683,0.2764548808669536,0.045807978774459135,4008
45,82.21645787783471,0.4630147429638479,0.4630147429638479,3480,0.05480843718714386,0.5238247715338422,0.09830215800461885,4008
46,92.93319380579322,0.3493329274788374,0.3493329274788374,3480,0.05602465307104388,0.3481805536200179,0.1031807946883224,4008
47,22.139511130761676,0.2230273537002998,0.2230273537002998,3476,0.004895954773633783,0.2515722146693,0.009728270578071805,4008
48,24.998309052777874,0.5741591624188611,0.5741591624188611,3480,0.09247347555553768,0.597327193230702,0.15040627500554177,4008
49,35.87887995507796,0.1888891148189381,0.1888891148189381,3480,0.06786411031710401,0.26343716808159356,0.12427774023052282,4008
50,27.657595208989733,0.7138156614785889,0.7138156614785889,3480,0.07580698299036659,0.7072082851864937,0.12043263677723458,4008
51,46.018230713894134,0.03406447858913908,0.03406447858913908,3480,0.041526020909075124,0.038686455615807414,0.07961298641543153,4008
52,36.1196394695138,0.5459511708221696,0.5459511708221696,3480,0.06286008463763484,0.5594302712809327,0.11002228990533702,4008
53,28.644130551008036,0.6966999850907176,0.6966999850907176,3480,0.09624187550153711,0.7018927085987777,0.14550762234632286,4008
54,69.47231939777137,0.41458315557745573,0.41458315557745573,3480,0.04756722021757463,0.4371737126109675,0.0877207297353117,4008
55,28.87749165704156,0.5692003696908208,0.5692003696908208,3480,0.07638027519455334,0.604814712355553,0.12801766456990832,4008
56,34.68863822463803,0.5694431058441742,0.5694431058441742,3480,0.08621264305208771,0.5847095405236684,0.14278391485620595,4008
57,27.569329981225028,0.6437556636950519,0.6437556636950519,3480,0.04447097421946094,0.6539402861249493,0.0788138452792063,4008
58,74.07763150306083,0.39164657348830434,0.39164657348830434,3480,0.05909377784053192,0.4054493873180546,0.10750261864159863,4008
59,32.356619186502535,0.5915019049388959,0.5915019049388959,3480,0.09317484407435508,0.6028983643903987,0.15093476645441753,4008
60,33.590058327835294,0.3893829157727462,0.3893829157727462,3480,0.06570206667798177,0.4023380106150598,0.11838937463847131,4008
61,29.193780611334784,0.06847103228993423,0.06847103228993423,3480,0.10006512321987837,0.04652266571050756,0.18112194010404292,4008
62,78.91156347577348,0.5589847598683306,0.5589847598683306,3480,0.06812809354988367,0.5528613941696188,0.11824051817986946,4008
63,78.19018472557565,0.509354607819092,0.509354607819092,3480,0.07519789311812529,0.5090388609346683,0.1304200451177281,4008
64,62.19826806840118,0.5220707129206443,0.5220707129206443,3480,0.05161197703983771,0.555015847071933,0.09249573445326432,4008
65,76.31776531660678,0.43767215677231086,0.43767215677231086,3480,0.042960210567721334,0.4595555347506023,0.07959349312637921,4008
66,47.76477501328353,0.32250661037612094,0.32250661037612094,3480,0.05392120536369415,0.336766447648696,0.09973398961856778,4008
67,39.69414078740252,0.44909799783236726,0.44909799783236726,3480,0.06237898526485465,0.4626629281646827,0.11178137016490364,4008
68,28.974908929850677,0.5351018658791277,0.5351018658791277,3480,0.09021698127940511,0.560402588614086,0.1497096039009662,4008
69,35.15659931971581,0.7050726490936182,0.7050726490936182,3480,0.05594190041345932,0.7102869327081356,0.0937761703036545,4008
70,71.61350772474425,0.5680262664831555,0.5680262664831555,3480,0.06575905864257466,0.5502555858783567,0.11474129997150374,4008
71,79.28588318439188,0.3640718634812852,0.3640718634812852,3480,0.06424476610658883,0.3554812617905836,0.11684279829712069,4008
72,91.88644095207054,0.3497068192175158,0.3497068192175158,3480,0.057913723600093926,0.3421440855882699,0.10645571863527023,4008
73,60.86570363834245,0.40965941568574415,0.40965941568574415,3480,0.04578374388965132,0.4529876351892196,0.0844954062531654,4008
74,34.76259009768236,0.5825639724064491,0.5825639724064491,3480,0.05374244378898751,0.5872381143504335,0.09510236470669303,4008
75,40.7888176228422,0.05037425227098569,0.05037425227098569,3480,0.0785577409648083,0.10320214667661232,0.14446098196748192,4008
76,66.05914258662598,0.31034881727641994,0.31034881727641994,3480,0.07099935050650338,0.3059740451494777,0.12882029309095036,4008
77,62.797501279762514,0.09446100981356309,0.09446100981356309,3480,0.019434762407164758,0.0971497883187028,0.03805045044917193,4008
78,53.41884847062439,0.15749280884142514,0.15749280884142514,3480,0.10132022637913815,0.19511658382092456,0.1799837610580764,4008
79,46.616074421952355,0.2936590337122057,0.2936590337122057,3480,0.0341802177607093,0.3139871854708345,0.06511606287744867,4008
80,25.00836885417122,0.6335915126282925,0.6335915126282925,3480,0.08931342169921845,0.6389086820245259,0.14320586935902613,4008
81,55.00363195264373,0.23966043138385373,0.23966043138385373,3480,0.030252877063113092,0.24246484133724866,0.0581821936528749,4008
82,88.54703916776873,0.19159036251755124,0.19159036251755124,3480,0.022269985930629455,0.20366328403149858,0.04332827331982296,4008
83,108.75721002417795,-0.36283726436058017,-0.36283726436058017,3480,0.1211446177155629,-0.3420682981917442,0.22222924519744255,4008
84,53.502119753216306,-0.027491290280581726,-0.027491290280581726,3479,0.11285169001759389,-0.01800931999946309,0.20317982704853912,4008
85,48.404629433835055,0.16569602854692478,0.16569602854692478,3464,0.04401210156739078,0.19631853362274965,0.0834540019261655,4008
86,47.51248505626193,0.5348243554383754,0.5348243554383754,3476,0.0515028926613815,0.5485090708613812,0.09245874542872434,4008
87,58.12959451021271,0.17946044743926637,0.17946044743926637,3480,0.0740116773190454,0.19151150319206567,0.13560924177970549,4008
88,73.72466690405561,0.33103093393005656,0.33103093393005656,3480,0.07142149047250644,0.32773566555813427,0.12912474367216542,4008
89,63.093811914859224,-0.08672468271151179,-0.08672468271151179,3480,0.09390265484949938,-0.06820132121507738,0.17262988861895898,4008
90,40.49587105495235,0.22492912439178148,0.22492912439178148,3480,0.05144306375842424,0.288674134366259,0.09594722713200414,4008
91,68.44450249545741,0.22998645358477798,0.22998645358477798,3480,0.03713304485789283,0.23374243393748528,0.07083348046774235,4008
92,80.44359346502439,0.032252573775477744,0.032252573775477744,3480,0.0480252125001056,0.14310296692333901,0.09095292397853996,4008
93,77.11968866751123,0.5292008059433171,0.5292008059433171,3480,0.05809022330325103,0.5240093851311067,0.10354387999620959,4008
94,38.18009331247593,0.512206085138097,0.512206085138097,3480,0.03707095231485332,0.5298534529303753,0.06872310300240543,4008
95,37.54272848073326,0.40443520528367194,0.40443520528367194,3480,0.05303600359389736,0.40461347991275964,0.09739612819073785,4008
96,64.89730024791001,0.3739102098440553,0.3739102098440553,3480,0.07608297789966485,0.401879462161273,0.13499422829879548,4008
97,46.35403394849502,0.1328053260365556,0.1328053260365556,3480,0.05710124152940175,0.148212960353871,0.10702766993439625,4008
98,53.966089580338796,0.3547910192611624,0.3547910192611624,3479,0.04508376795688531,0.3544220417684494,0.08428174246056361,4008
99,78.37542324876729,0.4856407348467393,0.4856407348467393,3480,0.01604794610051035,0.4851920156477999,0.03112562302148923,4008
100,41.928001404707096,0.4808397464937324,0.4808397464937324,3480,0.038693542456994,0.49166232104108243,0.07191321004448445,4008
101,41.588699841849106,0.6068618936077836,0.6068618936077836,3480,0.07420114792174597,0.6377417829701367,0.12317286650811607,4008
102,67.85538267789924,0.4028694422979425,0.4028694422979425,3480,0.03489671448865271,0.40578260610314576,0.06592201466352464,4008
103,58.03682808293536,0.10922989577410802,0.10922989577410802,3480,0.07193637112809996,0.12562358407134544,0.13293589016699875,4008
104,30.877079841541033,0.5524478602853748,0.5524478602853748,3480,0.06087753161686396,0.5716689667106493,0.10660375918216147,4008
105,47.185699864573444,0.29524881848084816,0.29524881848084816,3480,0.0639016441985656,0.32737230748126855,0.11671501281131455,4008
106,29.744916785917695,0.3953537390614881,0.3953537390614881,3480,0.04617582880108553,0.4128874243064983,0.08561789412147439,4008
107,78.10594624864106,0.5317690382354197,0.5317690382354197,3480,0.028371679387852122,0.531699532554369,0.05350197632082322,4008
108,26.044607240999078,0.515605271951707,0.515605271951707,3477,0.11548000088481096,0.5370545517487275,0.18484989155827636,4008
109,24.10659388179985,0.5674770797018664,0.5674770797018664,3480,0.0859728457495432,0.5842128244113549,0.14248407681499037,4008
110,85.6061309979124,0.05817041172116699,0.05817041172116699,3480,0.03671864538038593,0.17387684411918225,0.0703121317418189,4008
111,71.99995138710705,0.1459987741721227,0.1459987741721227,3480,0.08808415235193016,0.18386013835666482,0.15900703100294164,4008
112,67.46816839270998,0.34848468271976074,0.34848468271976074,3479,0.07863756316861281,0.5044488300230683,0.1357356359775982,4008
113,27.3811741333523,0.5468845645748779,0.5468845645748779,3480,0.10288354043371863,0.5500561914603904,0.16747294468971605,4008
114,71.64575429166334,0.43939141964309336,0.43939141964309336,3472,0.03502836964785669,0.384346118677487,0.06628535417384454,4008
115,82.61647322479571,0.4009691600150932,0.4009691600150932,3480,0.05658008436339894,0.39974140474487563,0.10341255170634901,4008
116,45.814036193738,0.11455411479128863,0.11455411479128863,3480,0.0562055995940134,0.12640520875857797,0.10561604303008176,4008
117,83.15052816997127,0.37497476220871107,0.37497476220871107,3480,0.09258627974538158,0.382068189975207,0.16104307054316203,4008
118,34.852408957754285,0.07461160995776372,0.07461160995776372,3480,0.10744260197790673,0.2630659632471395,0.18754216249712216,4008
119,24.919213537824728,0.4181430069627111,0.4181430069627111,3480,0.07287992732732175,0.41477451371796736,0.12961811292939293,4008
120,40.22597675218455,0.1970964611859175,0.1970964611859175,3480,0.07361039373671795,0.19173564346602456,0.13493221686993143,4008
121,15.508798097917706,0.025901477140163776,0.025901477140163776,3480,0.030891821524920777,0.06001573973512031,0.05981778014513737,4008
122,65.84572988371133,0.14741296383370706,0.14741296383370706,3480,0.037476416681093846,0.15727018171792673,0.07176157715093456,4008
123,42.33123688156958,0.31313192290380387,0.31313192290380387,3480,0.06480311662099887,0.3329058159165411,0.1181307327318776,4008
124,67.82303115883178,0.36537715049036523,0.36537715049036523,3480,0.053037098949243265,0.3635055040620637,0.09791522770535979,4008
125,34.80912993225181,0.21682831886552256,0.21682831886552256,3479,0.1004055179804385,0.2503764121240626,0.17709121749474666,4008
126,38.56463262377312,0.3110773871010015,0.3110773871010015,3480,0.06635915988656557,0.30579974938661336,0.12113858506718328,4008
127,76.60689637311762,0.3017413648821221,0.3017413648821221,3480,0.08338032844812353,0.37690600491101545,0.14707903807304923,4008
128,62.38057486680808,0.05717288799335063,0.05717288799335063,3480,0.058902649600216635,0.0690915992605724,0.11079482557774464,4008
129,57.0318280749246,0.5929906254136916,0.5929906254136916,3480,0.03245735244219769,0.5591156410744424,0.06046346087924345,4008
130,41.984016890620794,0.14417157706046668,0.14417157706046668,3480,0.08699389360625413,0.16705738040649942,0.1575346137245831,4008
131,31.12482345064777,0.08392823329449106,0.08392823329449106,3480,0.04535129879116223,0.13748758917501136,0.0861716525070667,4008
132,64.16160538946765,0.5734962663168909,0.5734962663168909,3480,0.04784331532942921,0.5655879560663559,0.08619380584003648,4008
133,66.75451053955595,0.281953768404537,0.281953768404537,3480,0.03064643582084391,0.29182131120016386,0.0587504458436932,4008
134,65.52395454666143,0.024833135916791482,0.024833135916791482,3480,0.024924653562022996,0.039723526911344176,0.04858816696011044,4008
135,52.49110885158594,0.08528203956598435,0.08528203956598435,3480,0.09178736585589573,0.19223436459796317,0.16484338287746447,4008
136,51.3788286160488,0.2550059931237336,0.2550059931237336,3480,0.06995011926963168,0.305558539571563,0.12709784951303046,4008
137,50.58279841429205,0.1479996778081103,0.1479996778081103,3480,0.05914275532707081,0.15802981325722232,0.11052207647319823,4008
138,56.15459792161177,0.3177755571424473,0.3177755571424473,3480,0.06344885639347343,0.32513719028910004,0.11599240663383917,4008
139,67.92466703455649,0.49060694198558363,0.49060694198558363,3480,0.02851450407018115,0.49055133941225815,0.05400621031410074,4008
140,128.75056285391113,0.477378427446272,0.477378427446272,1916,0.027539053096674444,0.4851260498438993,0.052281715100534226,4008
141,56.68738399722623,0.30900030745480744,0.30900030745480744,3480,0.02673346319595107,0.35007566203306995,0.05135454978670806,4008
142,53.832945566896115,0.16755861673003114,0.16755861673003114,3480,0.02145316092886374,0.18166693174956172,0.041810237883382,4008
143,72.38995742269346,0.09195369417197208,0.09195369417197208,3480,0.07056378684069545,0.12141062644240608,0.13063559362790894,4008
144,81.40194757927476,0.39714351456801,0.39714351456801,3480,0.0765331536013597,0.40319007195007217,0.1356685681903723,4008
145,55.49062668771659,0.5100614372943943,0.5100614372943943,3480,0.09325085733032148,0.521267205197339,0.15609622191478292,4008
146,67.17897999382892,0.2785777488771767,0.2785777488771767,3480,0.018769092829979565,0.22383066791771067,0.03665188092333939,4008
147,75.29181280927133,0.48392077519952015,0.48392077519952015,3480,0.06867650836501214,0.4968668096040477,0.12085639972115042,4008
148,70.79665761187135,0.15388075490281927,0.15388075490281927,3480,0.036697550310247865,0.13598970374066122,0.07040476317888862,4008
149,79.66278935010882,0.25017609096217797,0.25017609096217797,3480,0.08096985741126944,0.26436473091146295,0.14588270612531795,4008
150,79.13829459498972,0.21053063105040803,0.21053063105040803,3480,0.07495944743344944,0.21871128738017664,0.13679438489030873,4008
151,77.9939175011713,0.4971928419203213,0.4971928419203213,3480,0.05757859956329448,0.4885244520367076,0.10350524951131858,4008
152,84.52328454750409,-0.07876686061680593,-0.07876686061680593,3478,0.08337367205348087,-0.1654013571247206,0.1556145635351788,4008
153,59.50321715784689,0.20000420301423472,0.20000420301423472,3480,0.020293300078625662,0.21927742356590352,0.03955836079232381,4008
154,68.00502275329706,0.2683512176989149,0.2683512176989149,3480,0.02030524138907777,0.2683399941785777,0.03951388202593142,4008
155,60.88397511411382,0.2019871525804422,0.2019871525804422,3480,0.05619437607962247,0.2096074052104514,0.10492866120193668,4008
156,32.74166143497425,0.30305798234230075,0.30305798234230075,3480,0.037426864429218484,0.33021281104063394,0.07089235344658996,4008
157,61.543391146291114,0.41715378609910714,0.41715378609910714,3480,0.03435176005774488,0.41723209093681557,0.0648791616381597,4008
158,67.41091269412306,0.4976977768262377,0.4976977768262377,3480,0.06291945558502067,0.49010739457695085,0.11201637438843676,4008
159,74.15638612583953,0.027547244572912022,0.027547244572912022,3480,0.02419519282980422,0.03163356920480198,0.04721079672097226,4008
160,56.14403774299339,-0.011632244213924503,-0.011632244213924503,3480,0.03887258947867711,-0.0020816505962661935,0.07484192316645805,4008
161,62.64358146622101,0.5317049019250906,0.5317049019250906,3480,0.05303942744101205,0.538868794523327,0.09513625846298376,4008
162,74.63620985305509,0.03758130166335161,0.03758130166335161,3480,0.06632304603479126,0.04044396472333822,0.12407052694604025,4008
163,76.853355812625,0.05429641365159943,0.05429641365159943,3480,0.03050293727014234,0.05772382819506616,0.05909294451654908,4008
164,48.352526136228875,0.28772839872427636,0.28772839872427636,3480,0.042788286576160094,0.30360492333131706,0.08062289708448594,4008
165,56.27847302063943,0.2164398655826163,0.2164398655826163,3480,0.04842452615728943,0.21475513737854635,0.09122347756007541,4008
166,83.19044027212163,0.058965570296441006,0.058965570296441006,3480,0.06904894038078907,0.07161169968285686,0.12853786841559106,4008
167,58.132779270451806,0.20357599764101353,0.20357599764101353,3480,0.03942467882281619,0.22007770174833308,0.0750553476748336,4008
168,40.79795485589503,0.20593551669998744,0.20593551669998744,3480,0.07351443437123617,0.22526379162706978,0.13428647448164593,4008
169,59.586917193019254,0.051198883114552896,0.051198883114552896,3480,0.04297915667116503,0.10867606950534581,0.08200411917656315,4008
170,66.85292953528118,0.11576744913334003,0.11576744913334003,3480,0.03755052187289444,0.11183241789452092,0.0720546699374623,4008
171,46.26420200963396,0.32291683847595165,0.32291683847595165,3480,0.050836290760363834,0.3279745246681426,0.09452231135982792,4008
172,93.01106151382602,-0.18946257328346228,-0.18946257328346228,3480,0.1669846517747747,-0.1342785322118787,0.2911126788920908,4008
173,88.60548086408824,0.17285532611000298,0.17285532611000298,3480,0.05655256226878379,0.17395578900496944,0.1058578913818472,4008
175,42.14377538741164,0.3795955189407909,0.3795955189407909,3480,0.0964690357651174,0.35710250718419456,0.16776442760206517,4008
176,53.12147570858337,0.0270163748316109,0.0270163748316109,3480,0.054318716110805666,0.04571317499688221,0.10278673479897436,4008
177,70.77860716585637,0.22844971036274375,0.22844971036274375,3480,0.01293497539248868,0.22655732878245527,0.02544442091615275,4008
178,36.73981200627709,0.40795200518661334,0.40795200518661334,3480,0.05632319824662351,0.41255345093378615,0.10279100122507863,4008
179,42.68793284239533,0.35957192009258476,0.35957192009258476,3480,0.04292540950334058,0.40552927164480224,0.08006920009941876,4008
180,74.78124952267869,0.061677396255743866,0.061677396255743866,3480,0.05722997060915862,0.06874552360633923,0.10783309029343706,4008
181,73.45076542889146,0.06846563263739835,0.06846563263739835,3478,0.1145897131745027,0.06700010439214565,0.20411082647872394,4008
182,28.33345683033384,0.1180008948869603,0.1180008948869603,3480,0.02008387947895247,0.07993640961457382,0.0393096760978122,4008
183,76.71869193147103,0.3993085913195814,0.3993085913195814,3480,0.03152645713007458,0.4064089128168922,0.05987297631658543,4008
184,61.34077309518348,0.24767609714558358,0.24767609714558358,3480,0.051907625165280726,0.26376066213579485,0.09697794288236036,4008
185,80.14029196451617,0.11321301958779706,0.11321301958779706,3480,0.09815266533330075,0.13192598272166167,0.1763639527572457,4008
186,50.76381709978535,0.41820556347316884,0.41820556347316884,3480,0.07699765512728918,0.4265433984948679,0.13576608403413623,4008
187,50.53536753958412,0.07857392050441547,0.07857392050441547,3480,0.04702538463675473,0.08422219354498484,0.08945712683298715,4008
188,51.24546330857529,0.0008909207769864924,0.0008909207769864924,3480,0.02674966879170074,0.011620341807057177,0.05208957675501293,4008
189,85.9947323321728,0.12581276289206256,0.12581276289206256,3480,0.04339444204251513,0.09012883067170807,0.08283809098451483,4008
190,73.66397744575046,0.10565591700982913,0.10565591700982913,3480,0.07068685442423508,0.18657137424218373,0.13007058951531672,4008
191,78.33287901435956,0.33442433530494464,0.33442433530494464,3480,0.03348510089626748,0.3240616063636852,0.06380917881916424,4008
192,54.646305552099065,-0.25045530305228914,-0.25045530305228914,3480,0.0935064844808424,-0.21085697333521258,0.17360648691471678,4008
193,39.99138278494876,0.2738303658191198,0.2738303658191198,3480,0.0947188418175381,0.35247626910064855,0.16526321742946334,4008
194,53.62566625222782,0.41549250610076927,0.41549250610076927,3480,0.04700155179289211,0.26671905701809107,0.08834067777017622,4008
195,65.3247085169807,0.22931986542840077,0.22931986542840077,3480,0.04450582513442688,0.21118578533947108,0.08425773010299871,4008
196,66.17974104121707,0.4431796066309951,0.4431796066309951,3480,0.04614907046206877,0.46155449677967075,0.08501194019498044,4008
197,79.78409253721883,0.10962204261440323,0.10962204261440323,3480,0.0954220661608553,0.17201418669200585,0.17112289988942053,4008
198,74.64888749785642,0.376024145744846,0.376024145744846,3480,0.054790916969298865,0.38253077850526795,0.10065063480727449,4008
199,74.36567159214887,0.1769581663594817,0.1769581663594817,3480,0.0975942708065672,0.2014478026151919,0.17393165552957165,4008
200,56.6845490111841,0.11377789529435645,0.11377789529435645,3480,0.04620612538222316,0.13963175844826003,0.0877021991664548,4008
201,76.74244657455323,0.028726388232650835,0.028726388232650835,3480,0.05879760747647623,0.05605845229339568,0.11069978531486963,4008
202,71.70220511694134,0.22300344047288523,0.22300344047288523,3456,0.01901865074020277,0.2274119896450446,0.037123440863120166,4008
203,84.00600471519209,0.12606904181772083,0.12606904181772083,3480,0.1297060303600775,0.15653862928614548,0.22483701372782106,4008
204,88.44421508496242,0.015227929018139186,0.015227929018139186,3480,0.10323282682771369,0.03098659810739135,0.18658772590079328,4008
205,58.85917702836749,0.28014757617324304,0.28014757617324304,3480,0.05142768477417318,0.2957719364888143,0.09585533873475699,4008
206,62.315285332492124,0.2690471043388848,0.2690471043388848,3477,0.031894580175474814,0.26858244358521965,0.061123765171687966,4008
207,80.30273123814801,0.3802258381740663,0.3802258381740663,3480,0.043233046095783,0.3526951195637744,0.08105264217555602,4008
208,85.99457649307105,0.04701248925380885,0.04701248925380885,3480,0.08632069362401543,0.10718865778528108,0.15742124966699805,4008
209,45.93705215334406,0.15150332215779894,0.15150332215779894,3476,0.111598108087074,0.22255336034905993,0.1951793188013191,4008
210,51.88504347006758,0.32723466550708324,0.32723466550708324,3480,0.08169162959674132,0.3972832448132808,0.14388167945090655,4008
211,80.52639659940249,0.04114579896685766,0.04114579896685766,3480,0.022669760283922983,0.057327281090588045,0.044274783353008024,4008
212,27.570458953360937,0.05472428558319875,0.05472428558319875,3480,0.07997321618542022,0.10856200392536075,0.1467785479027173,4008
213,65.0030549046071,0.07458868423015064,0.07458868423015064,3480,0.04481230179215036,0.08380749845663538,0.08544534790328688,4008
214,77.0248411384391,0.5027325572342274,0.5027325572342274,3479,0.046561987347417594,0.4968415204903417,0.08523626158807635,4008
215,69.59460683532063,-0.035139564925327216,-0.035139564925327216,3480,0.0764442718983812,-0.019439245962606044,0.1422236754766698,4008
216,68.55106672705482,0.3926654101596887,0.3926654101596887,3480,0.09994041409122192,0.41250005764953046,0.17082205595549765,4008
217,103.65731392984779,0.19441116051103458,0.19441116051103458,3480,0.4187507446852989,-0.1983409754660641,0.6206279700898496,4008
218,50.32798021467488,0.046426164063570585,0.046426164063570585,3480,0.07612939022890874,0.07119744984100196,0.1407242997159907,4008
219,80.64631753941512,0.22477864900136812,0.22477864900136812,3478,0.03583703254831156,0.2481496738070399,0.0684131446626046,4008
220,51.45756102410742,0.34122965731420907,0.34122965731420907,3480,0.052234127950201,0.39651881621553087,0.09614633913594493,4008
221,84.00101602157964,0.3748704309179943,0.3748704309179943,3480,0.024669031284119777,0.3715812469140878,0.04747441997972016,4008
222,66.56527220302266,0.40112190076062537,0.40112190076062537,3480,0.04972190175447767,0.4169297226508527,0.09162996637340795,4008
223,66.17279860096536,0.5582898037570128,0.5582898037570128,3480,0.0694108473078896,0.5592061255776998,0.11993568467192382,4008
224,51.64444730711688,0.5865683806837845,0.5865683806837845,3480,0.04009157188626478,0.5867711952783079,0.07309176108049761,4008
225,66.05048340638764,-0.08249477356430024,-0.08249477356430024,3480,0.11725751910261334,0.022067857817854475,0.2094064633672018,4008
226,64.52025508760867,-0.01888386033416367,-0.01888386033416367,3480,0.0842322487786686,-0.017918842707783877,0.1555895445874272,4008
227,59.53833609884509,-0.001701179027124633,-0.001701179027124633,3480,0.07250034553348608,0.021723833789626834,0.13499608962465107,4008
228,40.0300644366869,0.39227957478636877,0.39227957478636877,3480,0.0933096359910062,0.45396470563618907,0.1593829938623372,4008
229,49.69978842311012,0.10313906515184856,0.10313906515184856,3480,0.048413566643498426,0.1656812792275303,0.0915166366198687,4008
230,35.51576136509556,0.29154532627013585,0.29154532627013585,3480,0.05304072708631157,0.324299526307947,0.0983604176047999,4008
231,58.63845461417898,0.12208157164405253,0.12208157164405253,3476,0.05911495413328926,0.12846533763590484,0.11071993299718945,4008
232,62.25569316180797,0.0031078841011263902,0.0031078841011263902,3480,0.0668699879926801,0.023833710975163735,0.12516578658721697,4008
233,84.74286879748799,-0.004244992788637436,-0.004244992788637436,3480,0.04751164546440897,0.002514964964697164,0.09070297777020343,4008
234,45.57060892567945,0.18754611061350257,0.18754611061350257,3480,0.057841642809785536,0.21099737176605826,0.10778181953582151,4008
235,58.64655057553196,0.5011985515786107,0.5011985515786107,3480,0.05723131576506729,0.5040257379032884,0.10262101736253768,4008
236,96.5273116944726,-0.0605254313785093,-0.0605254313785093,3480,0.08062620124708594,-0.061342021455629725,0.1498675247045771,4008
237,67.4399685829912,0.026785876181343204,0.026785876181343204,3480,0.03928741772229106,0.038652834621410226,0.07548979077922062,4008
238,47.59935338350842,0.044928538570085275,0.044928538570085275,3480,0.10319128788964091,0.12723504432270627,0.18456101980991843,4008
239,85.10249123856798,0.4178407586934204,0.4178407586934204,3468,0.03239232370568536,0.4185329164477529,0.06136607103167201,4008
240,89.69934255835875,0.3717654755494667,0.3717654755494667,3480,0.07031237298759406,0.3626368677871121,0.12665272134294944,4008
241,100.28797307193653,-0.04408690228120293,-0.04408690228120293,3480,0.0417348831921588,-0.04942531484230961,0.08027720038310039,4008
242,131.8147211164949,-0.01069054984914497,-0.01069054984914497,3480,0.048768862159377896,-0.012904530837836825,0.09305724674060735,4008
243,115.11669973282818,0.6935567215738359,0.6935567215738359,3377,0.03752705979952347,0.6997712631859444,0.06671507564292972,4008
244,68.37324901607272,0.4940294586246069,0.4940294586246069,3480,0.051309413784313834,0.49316798331102174,0.09318517581245003,4008
245,90.76356541440664,0.06464272039243113,0.06464272039243113,3480,0.06564246142371509,0.09000103209520938,0.12245189749152746,4008
246,111.43154306781963,0.031234259447863066,0.031234259447863066,3480,0.4793233292238949,-0.8924686391890702,0.7649105660770823,4008
247,90.63230713080333,0.07856251516794444,0.07856251516794444,3480,0.04407026482522173,0.17071793004859648,0.08369286708763157,4008
248,65.39691359844984,0.2861233714761393,0.2861233714761393,3480,0.04748026001832602,0.2997691743217882,0.0889304500416144,4008
249,91.94313161578026,0.31797208319417813,0.31797208319417813,3480,0.032721128191099,0.29933702867865764,0.06252244333795523,4008
250,84.68515088286452,0.03767720393804941,0.03767720393804941,3480,0.0656592147568175,0.07436525935019311,0.12262043945938622,4008
251,62.25758416061928,0.2812679695917528,0.2812679695917528,3480,0.022657163129010945,0.2894928464590065,0.043913966122148915,4008
252,88.37106247140454,0.004396369018270674,0.004396369018270674,3480,0.062460676661825705,0.010690113574978621,0.11750274651723332,4008
253,89.3723450275123,0.11147518175307758,0.11147518175307758,3480,0.04230605043039786,0.10661240932088956,0.08078648567141154,4008
254,139.21964153314937,-0.39007509500089355,-0.39007509500089355,3480,0.17732549255913221,-0.31428253353934865,0.3124893317064279,4008
255,82.97222200204611,-0.01491921873202462,-0.01491921873202462,3480,0.035290771090713255,-0.013031123010492918,0.06820548091401414,4008
256,88.9266403191207,-0.0034088225754591583,-0.0034088225754591583,3462,0.01684382894654181,-0.0027971296955544567,0.033131158919252286,4008
257,80.44909118797716,0.05090077830306228,0.05090077830306228,3478,0.020932622791270228,0.05581061353310779,0.04095722630058789,4008
258,76.69667480303559,-0.027847768044359844,-0.027847768044359844,3480,0.056564302781483805,-0.025518882081057903,0.10721497453364556,4008
259,79.8864165162703,-0.0052752099983863765,-0.0052752099983863765,3476,0.014004646857861989,-0.004815363794541394,0.027624279421613614,4008
260,113.94984309782916,0.004612160701964019,0.004612160701964019,3474,0.0738204287590947,0.013844041423203612,0.13735863657952666,4008
261,52.742760638755605,0.31690239104819073,0.31690239104819073,3480,0.008932813334890927,0.32122704080946707,0.017633564769870855,4008
262,21.47386923567661,0.2624601412822777,0.2624601412822777,3480,0.00818564811986741,0.2850395967322634,0.01618598143364906,4008
263,115.62854746469067,-0.007190364305803554,-0.007190364305803554,3469,0.009392771097265096,-0.006971226748895498,0.018611934807663717,4008
264,101.51402292753467,-12.169211395884709,-1.0,1791,1.152457962203607e-06,-16.002238940015026,2.3049157681737593e-06,4008
265,90.02948459536,0.21186267635374056,0.21186267635374056,3480,0.04908546871540038,0.20793106784790016,0.09244218362168866,4008
266,38.960624111085835,0.12628265774831982,0.12628265774831982,3480,0.007711890285257396,0.14030609578147446,0.015286651553972146,4008
267,49.65594469560536,-0.055568432619197416,-0.055568432619197416,3353,0.00500480744654957,-0.004461881643278209,0.00995998849562064,4008
268,79.43444921229357,0.04405809216402912,0.04405809216402912,3480,0.05058387179438177,0.05348013360404347,0.09603542287285823,4008
269,121.42403371444523,-0.12868504627559685,-0.12868504627559685,3480,0.027719177916340352,-0.12151353767984285,0.054101197894291984,4008
270,35.951781480518825,0.1795986355404866,0.1795986355404866,3480,0.003566795186825574,0.2061660123121386,0.007101681631703596,4008
271,26.1205384100743,0.0005846831261465679,0.0005846831261465679,3356,0.023951004557617426,0.01833905330542074,0.046761110543763626,4008
272,35.660490621618955,-0.1654986158373899,-0.1654986158373899,3480,0.005854843595146515,-0.1134712080736513,0.01164843748834511,4008
273,88.24660375186625,0.03664388402442342,0.03664388402442342,3480,0.008538597503398651,0.037062646818056044,0.016927098347639426,4008
274,93.9069694244624,0.0535335347006054,0.0535335347006054,3480,0.025223534268877527,0.04149509235114246,0.04915356790505413,4008
275,26.702713001238145,0.2137438505764987,0.2137438505764987,3480,0.007522348570545436,0.2520498882987632,0.014894894915351418,4008
276,77.99555938771738,-0.0079476876598219,-0.0079476876598219,3480,0.027989338392430237,-0.010726100270751049,0.054470269314467606,4008
277,164.95876948195314,-0.006705494412893254,-0.006705494412893254,3480,0.12884222014451943,-4.163423124314505,0.25141101421861356,4008
278,90.46220462768368,-10.505868877944225,-1.0,3480,0.11418000958097484,-1.1262422315484644,0.21672196777272648,4008
279,53.25780656477826,-0.06539984585461678,-0.06539984585461678,3451,0.005576429683957596,-0.04287257944374234,0.01109354018739349,4008
280,58.10253814065438,-0.002554680176833468,-0.002554680176833468,3442,0.027778479933476097,-0.003361883662126308,0.054060279153719706,4008
281,41.50107541353359,0.003821546526613151,0.003821546526613151,3480,0.0018170758230053297,0.025142187518445325,0.0036273904103403497,4008
283,57.74238353263347,0.030148382218743053,0.030148382218743053,289,0.0888027642789543,-3.349332432959561,0.17405181485018276,4008
284,25.82307085625921,0.4522928477849957,0.4522928477849957,3480,0.07303979955226209,0.6318396830953219,0.12189641274693269,4008
