id_institution_subnet,test_SMAPE,test_R2,test_R2_clip,test_n_obs,paper_RMSE,paper_R2,paper_Harmonic,paper_n_pts,outage_SMAPE,outage_R2
0,23.026953970784547,0.7588045011765299,0.7588045011765299,3480,0.07924343933523503,0.7537185591582056,0.11990597097295645,4008,24.57026175882828,0.6198633821706532
1,96.23583179461131,-0.031409059851196464,-0.031409059851196464,2515,0.0582742087442994,-0.01986367487266172,0.1102488829738082,4008,143.03355837639126,-0.20834887088818332
2,36.488138035491424,0.004742692510173896,0.004742692510173896,3473,0.11676549295631791,0.2597004142240732,0.20171501141161108,4008,40.33215974720138,0.16568799294981895
3,73.919574748749,-0.0048994756004994144,-0.0048994756004994144,3478,0.018662513692229644,-0.005898874775089213,0.03664514734753212,4008,137.64752725798624,0.0017293093589078046
4,68.09003808518635,0.08994820988555607,0.08994820988555607,3479,0.06459474929951801,0.07100733628168043,0.12079067715182296,4008,86.8172388742113,-0.025881139534933872
5,88.63103163864523,0.027323745519037712,0.027323745519037712,3480,0.028960510782727246,0.03955012604166441,0.05622564581898715,4008,69.89937339760583,-0.10187545943248799
6,29.2003988840073,0.6311208576969687,0.6311208576969687,3480,0.08980314250745898,0.6497283797835816,0.14295521984454337,4008,36.83884018040015,0.6102983326127059
7,59.2124058383203,0.3393018607641646,0.3393018607641646,3480,0.056332158353146804,0.3700827254827057,0.10341604075085656,4008,56.07826519556569,0.6099291869203188
8,53.213799804613735,0.33252394891094716,0.33252394891094716,3480,0.030919192736173686,0.3435868461839464,0.05905662644630388,4008,58.82322635447756,0.15344957080491384
9,71.65290644450745,0.06067128474317662,0.06067128474317662,2688,0.07145796883175119,0.14534161017649816,0.1318887243725636,4008,78.12967226087737,-0.23570511608877642
10,58.492187280526785,0.348258869550227,0.348258869550227,3480,0.028828732982330997,0.342088591052665,0.05523705744439915,4008,59.772147229818295,0.2535021867979951
11,34.730240530031935,-0.010522602128087089,-0.010522602128087089,3385,0.1347053727979464,0.04049512078790274,0.2362442907444587,4008,36.746790755482984,0.031028158410341566
12,40.33990981371495,0.16119378266395823,0.16119378266395823,3480,0.13037698972275089,0.2120609702974544,0.22373369647188202,4008,38.505654000118234,0.118407649194325
13,56.2229919465305,0.031176329873806363,0.031176329873806363,3480,0.051364552604792904,0.0450102220833819,0.09748578844873164,4008,72.93107947383812,0.03977052654900093
14,45.68230842895869,0.40877978631928225,0.40877978631928225,3480,0.03827456182448826,0.41518476070739574,0.07184693760699609,4008,55.37683692234252,0.43622996427208494
15,45.31001241756647,0.015887632936139817,0.015887632936139817,3480,0.04721317277899613,0.01981582854313113,0.09008706300803153,4008,57.20648818571169,0.010900409893609853
16,99.50371989043573,-0.12360701081810199,-0.12360701081810199,3480,0.07717437173181055,-0.10757611224242147,0.14429450211447098,4008,92.07085202748618,0.024986481504586155
17,23.020140460789527,0.6269821700007356,0.6269821700007356,3480,0.01700787772232796,0.637231632623726,0.032492395790907395,4008,20.918639132140346,0.6465380164173761
19,90.47289891930575,-0.06796393483540109,-0.06796393483540109,3480,0.16989903947477045,-0.09559970013124763,0.29417862045298604,4008,74.03944230463998,0.004188176115465292
20,28.71846044562925,0.08270769421426971,0.08270769421426971,3480,0.040692090087239584,0.1135438653108628,0.07781226761202475,4008,37.990905663950464,0.06102106195141388
21,44.83833587525427,0.09297406811663755,0.09297406811663755,3476,0.12103965829974361,0.11966402130270304,0.2128183712758055,4008,53.616708763531605,0.022890401462010268
22,58.79683159699154,0.12924874997421065,0.12924874997421065,3479,0.14654586263639538,0.20217848679741934,0.24761008241792984,4008,77.23740958506013,-0.043706713155465815
23,50.80699841228032,0.0031181922554144315,0.0031181922554144315,3366,0.00530694732983232,0.01029845052357814,0.010557284711001862,4008,61.54054963059651,-0.027087272244269656
24,35.231398633779584,0.17857678292846513,0.17857678292846513,3480,0.010025700431689316,0.17401807825537818,0.019810937340129137,4008,39.605286039993096,-0.010366639792702692
25,26.37883597962873,0.5219706537813592,0.5219706537813592,3480,0.03103793824904781,0.5485740334372933,0.058082402162942685,4008,37.562516567126394,0.025194615843413315
26,38.74577244821495,-0.001561919971368786,-0.001561919971368786,3480,0.01607630081823888,-0.0016043344182183894,0.03164468699400555,4008,54.30298083410754,-0.0007768602500861643
27,75.00298104075924,-0.006664965943812273,-0.006664965943812273,3480,0.019355049349540313,-0.006026611558317185,0.03797940894792697,4008,88.51467710915144,-0.0006830171423828357
28,124.65877464816376,-0.08112352365389941,-0.08112352365389941,3480,0.06567715982621596,-0.08282520607437638,0.12384281693218124,4008,82.40552934280817,-0.025241552314254623
29,25.73591337691224,0.20848466160929435,0.20848466160929435,3480,0.1432537182289399,0.1929360474121844,0.24331845151818252,4008,41.28906832743511,0.03812764994048712
30,26.392760932857033,0.02893436914507841,0.02893436914507841,3480,0.08517629621121942,0.20415868499319723,0.15388299784479761,4008,27.268775269001654,0.2522188929514433
31,44.653197286078395,0.004696411818179702,0.004696411818179702,3462,0.004723092924997143,0.0235196536475899,0.00940071595886837,4008,47.36152172403205,0.0597915291682356
32,56.40133516368998,0.3416107447840937,0.3416107447840937,3480,0.05384361105893182,0.32553699026109395,0.09972592019069013,4008,104.13077872493197,0.175932438623976
33,124.95861744963841,-0.10405774504778909,-0.10405774504778909,3480,0.12505870577701078,-0.10785440831774284,0.22474712436698954,4008,129.9066635932831,-0.14091338035995737
34,52.256403728495194,-1.227690186663558,-1.0,3480,0.25960032289770174,-1.149154549765095,0.46324449316780875,4008,59.22741262279203,-1.7544083269169524
35,39.0712042579091,0.09546878728231023,0.09546878728231023,3480,0.061869881767169566,0.10659561904921977,0.11572555773130108,4008,56.45062032196775,0.04271032588404233
36,62.71074554097464,0.0032197134232491154,0.0032197134232491154,3480,0.05847597731533267,0.008577719504906378,0.11043810455510737,4008,68.68701634267758,-0.027312994500240162
37,62.35570737588718,-0.08246280504807868,-0.08246280504807868,472,0.003015995231325783,-5.116980814666949,0.006029017837822524,4008,62.38083517356261,-0.07091887133559549
38,96.67185325642913,-0.001921290572037826,-0.001921290572037826,3480,0.04077072923326736,0.032967522973415875,0.07824269467636714,4008,98.35863535382143,0.037661116637347614
39,91.48985459014361,-0.019150067444943186,-0.019150067444943186,2438,0.5138374650410777,-0.37104121955870384,0.7475200929172349,4008,103.92376304201704,-0.013948928068721722
40,52.768163960632954,-0.02487859338177567,-0.02487859338177567,3480,0.011843119517281151,-0.023828358219886603,0.023415381947318657,4008,57.410288330010374,-0.016558436422653644
41,47.21091612743259,-0.002708195425601634,-0.002708195425601634,3480,0.005739708888132887,-0.0017021004025736808,0.011414015967810545,4008,54.464618293863424,-0.12439163027248923
42,43.13751649329607,-0.07338791524296773,-0.07338791524296773,290,0.30057427170513384,-6.488324217674624,0.5779501687147295,4008,48.911541414596286,0.00011731796382696835
43,34.76517259042038,-0.0032481744001300328,-0.0032481744001300328,3480,0.026198695393066587,-0.0028109241720895017,0.05106334759110699,4008,37.73818903985233,0.006502964186853033
44,73.98239442170758,0.2338792670751778,0.2338792670751778,3437,0.006085246711451563,0.23641995549659622,0.012074269186311184,4008,57.49415680406692,-0.026262474649773937
45,82.46051331429346,-0.016363681862086477,-0.016363681862086477,3480,0.005107327409338585,-0.014753617301332511,0.010163501191505808,4008,80.53064363100437,0.001817524388939895
46,104.7947372040867,-0.0006182913149905822,-0.0006182913149905822,2919,0.38635181969468624,-0.23976142017376967,0.5891152829063143,4008,111.52733333805011,-0.008523185133536337
47,25.084395914395873,0.6262828506541287,0.6262828506541287,3480,0.0740252042119883,0.8823952844468141,0.09085964337704128,4008,27.215562553005185,-0.7732362557580212
48,52.9247290397585,-0.0035379618701714133,-0.0035379618701714133,3480,0.08112950701216602,-0.010798421856343055,0.15020327896339705,4008,48.34458474276273,-0.0026566864569583792
49,55.17841781189322,-0.011883921029292921,-0.011883921029292921,3480,0.040644314149673934,-0.011359123122852255,0.07814802967738836,4008,68.81978369194177,-0.007993901118816149
50,30.07141071611527,-0.008793893862403701,-0.008793893862403701,3480,0.04426112444845455,-0.009050473077018673,0.08480246238350901,4008,32.101352843308476,-0.010710186845199088
51,63.90232886879086,0.28195712880731383,0.28195712880731383,3480,0.10971849544668179,0.9299751071877477,0.08548882890877188,4008,86.23674366387264,-0.0897249723980893
52,24.53578947249707,0.19841867749827802,0.19841867749827802,3480,0.0017755558072243601,0.2429985569446641,0.0035428019307622246,4008,22.171798738971155,0.20642739818744715
53,46.389893517403344,0.17004776654116804,0.17004776654116804,3480,0.03924712426205786,0.1977019158753205,0.07483351408586902,4008,41.643693674552686,-0.11488923721933886
54,73.34562203959062,-0.0022255902331109745,-0.0022255902331109745,3475,0.12064042174548736,0.0038567561892332014,0.2152165092643815,4008,59.78921400227058,0.16418001503343305
55,80.60203203491537,-0.019988241907049176,-0.019988241907049176,3480,0.07540282403369444,-0.026600789995075758,0.14048701426278531,4008,92.36948276796187,-0.0321483491791863
56,98.84506558830651,-432.0291737651164,-1.0,2429,0.5123231889151608,-0.3558863328822728,0.7436553574573304,4008,93.15446261752925,-0.3264584984719072
57,50.0170715585147,0.028788752362770453,0.028788752362770453,3437,0.006581103623352956,0.04792222109333444,0.013071849924220136,4008,53.24739352668322,-0.020495036440403513
58,97.63586611444369,-0.05385180507349174,-0.05385180507349174,3480,0.08231940676939789,-0.04014053105868087,0.15256446771585647,4008,124.95515858058623,-0.00792578479573014
59,70.44884941178391,0.19557876360512083,0.19557876360512083,3480,0.060667455957047624,0.2062351345705571,0.11271974106866682,4008,72.33641161715177,0.1824226257624637
60,48.14662216084382,-0.26785514571162583,-0.26785514571162583,3480,0.08042607582042859,-0.3016080652404072,0.15149152373783262,4008,38.00226565455564,-1.0046715768185588
61,55.59827534047933,-0.00792146756719836,-0.00792146756719836,3480,0.05052273402551638,0.03279259193730777,0.09602931190540524,4008,52.010032333625134,0.12689282214177922
62,97.19231971714201,-0.02392740165971352,-0.02392740165971352,3480,0.03870207998010693,-0.0296773840113016,0.074600191809814,4008,102.54914963730238,-0.03201145019183005
63,48.773210822300136,-0.01575967605953532,-0.01575967605953532,3477,0.04465008891482317,-0.015090826400020019,0.08553769133640887,4008,75.30339087327641,0.022766988968965562
64,63.10866330446962,-0.004037610316042439,-0.004037610316042439,3479,0.051384746964686596,-0.011676929249633039,0.09780196988123406,4008,78.5731148351818,-0.00825754472094542
65,49.49350499681183,0.8329762518783859,0.8329762518783859,3480,0.018321077028232213,0.8574103143708058,0.032470129041717206,4008,151.36306068523155,-44.133804501568534
66,85.39988068269061,-0.2727799438003371,-0.2727799438003371,3480,0.13075250345352737,0.9123642456753874,0.10493782391562588,4008,102.02254574971646,-1.0360658166819774
67,91.23580238944615,-0.2809061914339974,-0.2809061914339974,3480,0.11647064647215757,0.871762725150909,0.12207106515276066,4008,133.68408111682507,-1.5143633354893247
68,54.33623736367979,-0.017684526332612416,-0.017684526332612416,3480,0.0023922871419680978,-0.016217365513595317,0.004773337324312447,4008,56.27091256090569,-0.029530932786931974
69,72.93934216501611,-0.0018027566005931472,-0.0018027566005931472,1835,0.015978102992103213,-0.0003903525642670047,0.0314538295599273,4008,74.58549441081519,-0.020133195469714815
70,92.32537839195024,-0.05957136543807562,-0.05957136543807562,3480,0.005503211398497821,-0.05287723277203016,0.010949193214073233,4008,76.42703499848099,-0.034335417096007514
71,63.603528005768496,-0.008084914572887625,-0.008084914572887625,3480,0.02527979559478345,-0.0071376099572040275,0.04932158791322277,4008,78.9178849636077,-0.004985793424892471
72,26.05837391700236,0.11257172121839976,0.11257172121839976,3480,9.124841410089976e-05,0.11772348691965817,0.0001824779556331512,4008,29.57882038670472,0.5261372010803447
73,46.77572181978381,0.03551102182966759,0.03551102182966759,3384,0.003150220836357943,0.06274065523837458,0.006279336206159911,4008,52.07891203900924,0.024671821492931456
74,54.41307762708688,0.018767584341534804,0.018767584341534804,3437,0.05739247022825287,0.05877170858942882,0.10818805049500459,4008,44.21790788737592,-0.11659386250481507
75,63.5641999303686,-0.005126175875848293,-0.005126175875848293,3480,0.019131987185812566,-0.004485114725691686,0.03754879887681449,4008,48.56119691875114,-0.003971488934863876
76,102.47505166489654,-0.031143621948120037,-0.031143621948120037,2165,0.028108729461258936,-0.005139450585253336,0.05468810578706753,4008,101.25199313923892,-0.16447757787928663
77,61.90737326262249,-0.014836736452366273,-0.014836736452366273,3480,0.07049497645888109,-0.030540228595762553,0.13196291784545208,4008,65.92035943876047,-0.034541576929531415
78,89.92983837904214,-0.003010390691680076,-0.003010390691680076,3480,0.00520311089425825,-0.0026314816648080885,0.010352497966814355,4008,90.2731154607194,-0.0034375885027051467
79,105.15024771361085,-0.008122363523352494,-0.008122363523352494,3480,0.06114626545851026,-0.010304437671355249,0.11531345895673187,4008,106.07735501157993,-0.07961486407441143
80,54.02063071828172,-0.010323821078039863,-0.010323821078039863,3480,0.041296737276339195,-0.014708786796631346,0.0793635283624478,4008,70.90008693216879,-0.017095254847140806
81,24.092258912722897,0.2641805517238499,0.2641805517238499,3331,0.04761318027357168,0.2821240272437143,0.0893033114045379,4008,23.451801128742026,-0.07908578498769869
82,19.787747819178506,0.3437527943737525,0.3437527943737525,3480,0.004066104693408373,0.3978604075357436,0.008077662860925362,4008,24.55570949703099,0.24891563772571113
83,36.24401103263226,0.11827721581044304,0.11827721581044304,3480,0.0029110285644932095,0.16688838803929817,0.005801784741870272,4008,56.19212217873155,0.016742966817922533
84,66.96624325071909,0.02376224881449429,0.02376224881449429,3462,0.20477327704180787,0.04609085843292726,0.33716762726640404,4008,98.6151127983385,-0.14539418079712063
85,25.263537389340318,0.27875360210536815,0.27875360210536815,3480,0.04185733310769475,0.519107622909389,0.07701151057241885,4008,34.266065793601484,-0.16894878724439488
86,35.30156744132536,0.5182079940570501,0.5182079940570501,3480,0.01969277036378148,0.5634847145143926,0.037685416410912755,4008,49.09428783267727,0.5930487716844843
87,41.92657220468848,-0.007912638028243046,-0.007912638028243046,3468,0.02689750973058394,-0.006563753726703814,0.052394916612055614,4008,42.57997467654256,-0.007439912918812741
88,60.54376810906474,0.700027978608905,0.700027978608905,3480,0.10606846342931373,0.6829932405743849,0.1589524418002177,4008,26.152317247267536,-0.033867965427236246
89,46.38036873138929,-0.03756756887432733,-0.03756756887432733,3377,0.0007113990562037088,-0.010074857739007959,0.0014217967362732146,4008,52.639304298131364,-0.0364007251116365
90,127.76483349979895,-0.08702853869148863,-0.08702853869148863,1677,0.06661112000526909,-0.025648480817623165,0.12509772216695308,4008,135.66266435003672,-0.01717987861061898
91,54.917394516561956,0.44498817910177413,0.44498817910177413,3480,0.08964277018102354,0.44149772012954747,0.1544891579933486,4008,62.292266903559955,0.3520110258184842
92,88.95456361906243,-0.02852752170112649,-0.02852752170112649,3480,0.06322426460036007,-0.039617310770931,0.11919942339345933,4008,76.47143373835014,-0.005881184505361681
93,59.68256940544337,0.10509086164653081,0.10509086164653081,3480,0.02994863857722389,0.15820261385590595,0.057839519671892214,4008,52.95594600652077,0.23798630269994525
94,122.13718650428443,-0.1095618206454636,-0.1095618206454636,3478,0.011938617686334287,-0.10331603186474125,0.0236216334931914,4008,114.61361813843436,-0.18634728120587707
95,37.326559312205035,-0.0011967597778701489,-0.0011967597778701489,3480,0.004365852618033578,-0.0008515928499264191,0.008693781761562557,4008,47.29064265776171,0.45523773544208423
96,53.23312585109268,0.1716469027114217,0.1716469027114217,3471,0.0031786659341810713,0.21411533541441874,0.006331721966772956,4008,58.848885635354954,0.001555744157934802
97,52.568250983561605,0.09128403872370838,0.09128403872370838,3477,0.018033638430777127,0.11597778690879457,0.03534623034430526,4008,60.0170416561599,-0.060727450077157075
98,63.20287226166648,0.14989224031359993,0.14989224031359993,3265,0.014645179210918118,0.18977333376032723,0.028770323036211583,4008,81.2873771731128,-0.3879161953916137
99,61.954086528658614,0.1123179431023007,0.1123179431023007,3302,0.02997884790052414,0.1563720262866003,0.0579001767908775,4008,71.88531782155594,-0.19789552632171192
100,38.7432899148925,0.10491528224452207,0.10491528224452207,3480,0.01861827776478682,0.11953820180971819,0.036465455654941165,4008,43.20921060088317,0.14683806308026215
101,71.4984933611405,0.41679488546956145,0.41679488546956145,3472,0.036229095583635115,0.4774521462380935,0.06776026163261255,4008,107.53510876050139,0.05189795526316443
102,23.017644491215602,0.39343863289413583,0.39343863289413583,3480,0.10361362596151309,0.5117445071606972,0.17094969276723146,4008,53.168130733211214,0.230286914000017
103,27.323609367495155,0.506191693444389,0.506191693444389,3480,0.008670475159434064,0.5316506035530233,0.01702575531771567,4008,103.03180457697614,-1.5394900956072748
104,39.26928286413132,-0.0037598153238285192,-0.0037598153238285192,3480,0.0259187017156668,-0.0035640539158712237,0.050532322612930565,4008,48.515418491077575,0.030453547813191206
105,37.25324852211063,0.43873275294285985,0.43873275294285985,3480,0.014034382644196635,0.4506803271681319,0.027369510905508664,4008,42.86643707362533,-0.11594093085188995
106,32.10259395478478,0.21690768125886273,0.21690768125886273,3480,0.12488049733160744,0.24252474140257219,0.21441212657005115,4008,32.237285892299205,-0.11273406672059494
107,62.786907049032024,-0.12498489033127957,-0.12498489033127957,3480,0.03283541001379497,-0.10483673080950773,0.06377543362919613,4008,60.94608059242521,-0.04795059312785144
108,79.1413276327588,-0.0011682058848705434,-0.0011682058848705434,3435,0.01989391733350853,-0.009884243805417858,0.0390191876674832,4008,132.91940627299934,-0.051108673541423455
109,118.54826207167936,-0.04083165971718006,-0.04083165971718006,3470,0.052084330740369195,-0.03438510949581364,0.09917491309130841,4008,129.8833053877673,-0.060104797850613734
110,80.11903236988061,-0.005102922822487699,-0.005102922822487699,3479,0.016357545724560694,-0.00462160377938492,0.03219094890955808,4008,71.89775671048898,-0.013374014437344428
111,114.99320738455879,-0.056633225461818926,-0.056633225461818926,2655,0.03753539183370947,-0.03452640284337938,0.07244237988117175,4008,123.36637819127986,-0.04340201782633257
112,104.90355054700875,-348109.1011295686,-1.0,2158,0.580582335507543,-0.5084681972149037,0.838457447782801,4008,101.110671209013,-3.8075471887869323
113,25.311692572766198,-0.008619216022754284,-0.008619216022754284,3480,0.09046780939302859,-0.008000830536197823,0.16603410182167544,4008,75.9061130159415,0.07957196904114405
114,32.28096709196465,0.0012571311042814948,0.0012571311042814948,3480,0.06236289682624188,0.023660454541541864,0.11723735280121153,4008,25.295131306334735,0.10680931740274324
115,77.31756424033712,-0.001964681582242056,-0.001964681582242056,3480,0.017275035324094926,-0.0021566974388158577,0.03396459378719413,4008,79.04477969045988,-0.002792280491703103
116,72.5651963126615,-0.025611625771955193,-0.025611625771955193,3480,0.03885945574463095,-0.0006531117518688845,0.07481359346236077,4008,74.77985225109374,-0.029864749388478273
117,64.9916738586245,0.02458700761224064,0.02458700761224064,3480,0.07743747103580954,0.022277772880775037,0.1435087727023626,4008,61.26363323702129,0.0021827383398511646
118,91.85188101834407,-0.04432504547183935,-0.04432504547183935,3480,0.052916472014428166,-0.030172044979001056,0.1006622622858225,4008,98.93459697204572,0.00985227919917353
119,55.70255420874531,-0.004213502507674383,-0.004213502507674383,3480,0.024772187806758186,-0.001996417645513171,0.048349050229637903,4008,50.580582437719514,-0.014256448256607879
120,23.119446532246265,0.14552303830296076,0.14552303830296076,3480,0.005660769584427803,0.1922585597894808,0.01124274835195812,4008,28.093406711164842,0.24375565584427672
121,59.426248794691816,-0.01266956127690344,-0.01266956127690344,3480,0.012434366809358884,0.044000272206561886,0.02454942747530261,4008,71.29836370672976,0.2510911172366199
122,29.702543526196422,-0.0020835692030518604,-0.0020835692030518604,3480,0.0003593478073642116,0.046911581466898,0.0007184247433682582,4008,41.22072228952434,0.05820682537209576
123,103.15929056278692,-0.07934899587292676,-0.07934899587292676,3480,0.11506065052568469,-0.09303656101969238,0.20820426793040275,4008,108.65015258607731,-0.09231456738144495
124,37.874422110954086,0.7438320901334515,0.7438320901334515,3480,0.055627538863595685,0.748338910549674,0.0911149046462687,4008,41.72565494877808,0.6373646701968576
125,76.71648711716873,-0.030935118020847696,-0.030935118020847696,3480,0.0005874994623840435,-0.027909440784218642,0.001174327740236962,4008,86.34548757577885,-0.013945486968437004
126,27.882641364314466,0.6532736949193856,0.6532736949193856,3480,0.07663542883213229,0.6588317388618685,0.12515722873627302,4008,31.513805576644156,0.40163556176517967
127,118.25358134527796,0.02937531613912603,0.02937531613912603,2427,0.5762688854547965,-0.49719835636907006,0.832218431742022,4008,150.83074159927727,-4.63176423437027
128,71.08820210917654,-0.041440752082883225,-0.041440752082883225,3480,0.02989526111991038,-0.03813381847734987,0.058116922420301545,4008,86.91384137989931,-0.011707924207428944
129,63.74396755695053,0.3979127191789994,0.3979127191789994,3480,0.05555579541102151,0.3999658597675302,0.10169580746130001,4008,58.6884701343136,0.41200877647908896
130,62.878006308455504,0.22274714670472218,0.22274714670472218,3480,0.09016117613339794,0.3950121481221156,0.15693445311367885,4008,72.48777872019336,0.16219934650179257
131,77.39675500314746,0.2522379442291328,0.2522379442291328,3480,0.04492824557839436,0.23911859417133718,0.08484650586503194,4008,89.57025813236153,0.13291594396272188
132,76.27932694239799,0.17052160801855798,0.17052160801855798,3480,0.0239883405016522,0.11974106008512797,0.046703930744640326,4008,80.7388281394935,-0.5005657905570142
133,104.55478169620326,0.2579039086812981,0.2579039086812981,3471,0.050409403172767694,0.2497123700837619,0.09447156681991528,4008,105.6481357024001,0.17546029083463377
134,97.07456871601345,0.31658770743174613,0.31658770743174613,3480,0.12451895670468394,0.36828272578485133,0.20803228594831963,4008,98.74147572297207,0.37479919701915754
135,80.67901774043791,-0.015278577831446816,-0.015278577831446816,3480,0.014614860371235149,-0.013407511698738439,0.028814176977132552,4008,53.838307490049786,-0.00255013218467659
136,39.799955824140184,0.5032395843632333,0.5032395843632333,3480,0.0709687173974012,0.5159805190766817,0.12378728722672154,4008,47.95645433969406,0.24882433181961205
137,39.126315569993345,0.07092146524124532,0.07092146524124532,3480,0.022807465416481223,0.07841598354777068,0.04451331039544075,4008,51.73784463680744,-0.22682469706583608
138,101.643087299554,-0.011394213794502894,-0.011394213794502894,3480,0.031314220358474386,-0.010797335376314665,0.06074653010716249,4008,85.23499504688554,-0.0034807082020449354
139,44.883606610425076,0.0005866576023629833,0.0005866576023629833,3480,0.15286772495162596,0.09836581581440851,0.26141397238026504,4008,64.32985200022472,0.14488256880577277
140,55.39764083563189,0.010069433620383594,0.010069433620383594,3394,0.03169710214475338,0.012681454574331341,0.061422288967557796,4008,59.86819326843996,-0.010854507929109802
141,53.26150824366338,0.018406664504643122,0.018406664504643122,3480,0.047794110377566895,0.02429300596341699,0.0911245675613435,4008,72.27790948735864,0.1253399957079474
142,68.76553175866025,0.03629407947332253,0.03629407947332253,3480,0.007056740927757323,0.042572755943473095,0.014010219192169755,4008,67.82782390706015,0.17971274190072162
143,108.78213147055935,-0.06973538647734334,-0.06973538647734334,3480,0.08034123259398794,-0.06305296603888388,0.1493920219402508,4008,97.24762489544602,-0.021352731584993956
144,91.51860071212984,0.02608071010990387,0.02608071010990387,3480,0.06536654316166131,0.04098220377061279,0.12239093426065965,4008,121.51066737653015,0.10828611929655729
145,62.33251383654779,0.2980291274234129,0.2980291274234129,3480,0.09404094170935522,0.3373155158912188,0.16470828338929172,4008,72.33210196501784,0.3760925973583382
146,54.57070039309861,0.7169167605221229,0.7169167605221229,3480,0.07720804402779988,0.715339018266221,0.12147001288349477,4008,52.675580409451186,0.6509108262402894
147,131.2319224239388,-0.20974827975719768,-0.20974827975719768,3480,0.11163919583906222,-0.18715503725468574,0.2040862675832943,4008,125.3343625365249,-0.099599580063501
148,48.40426585170029,0.45650285807760094,0.45650285807760094,3478,0.062436093324462524,0.5959494069119451,0.10815888758523547,4008,56.48618806472027,0.5717343488906221
149,81.5861038748971,0.009832599084056537,0.009832599084056537,3479,0.028269207973097572,0.0154565694053439,0.05496033903641973,4008,80.76914602538208,0.16578450183734994
150,74.83849373424091,0.11986668266201272,0.11986668266201272,3480,0.0709420927287024,0.12725002619086845,0.13121803555706327,4008,80.71229107030182,0.19111968558528047
151,74.41283493781486,0.1494994558410394,0.1494994558410394,3480,0.06280658025275096,0.18214126634440153,0.11665478219595089,4008,83.60652546877226,0.053626386644183954
152,65.36573723978294,0.4169818759505577,0.4169818759505577,3480,0.038598828796219536,0.367220310034299,0.0727594173365926,4008,79.30868373411204,0.0003836068617465438
153,60.60878698750001,0.420232077648491,0.420232077648491,3480,0.058669233709911,0.42602908406351203,0.10645683435865118,4008,70.70586977898046,0.30018700457212344
154,94.84013377288262,0.1404525239108232,0.1404525239108232,3480,0.035304218815840976,0.08718823701249312,0.06797924903003828,4008,83.93431607600336,-0.8621389255816239
155,66.8362839289462,0.0004427264604249803,0.0004427264604249803,3480,0.08489018506592523,-0.0029732310419483543,0.15653175194353106,4008,66.01282550499448,-0.02575123097512355
156,90.58374047251782,0.00474725476047444,0.00474725476047444,3478,0.08431477253506474,0.033624880231524434,0.15509752021728937,4008,88.12681372853092,0.13230206446672077
157,73.99664860274146,-0.022217424883819392,-0.022217424883819392,3480,0.05338128253956969,-0.019807136615409116,0.10145210649664164,4008,74.76372383926731,-0.008648306530880001
158,36.03961316012742,0.3930972463743486,0.3930972463743486,3480,0.04072210220909029,0.4023062269519875,0.07624919072069139,4008,42.120361863273025,0.19711012441957343
159,82.570806095046,-0.007904789478801577,-0.007904789478801577,3480,0.06609692262748902,-0.010886268999405813,0.12408080650973126,4008,90.5040856562646,-0.005877349163862844
160,80.02735785545545,0.045687612678311784,0.045687612678311784,3480,0.04879824778739812,0.046041048108303784,0.09284705276275287,4008,83.51706462561306,0.004152651850003686
161,44.05444949470876,0.3303857205973645,0.3303857205973645,3480,0.02513049906475018,0.325125864799926,0.04845660440885969,4008,50.61546479994148,0.2774409106075515
162,62.77858709552635,0.2671059715313113,0.2671059715313113,3480,0.07128708645140475,0.28215144037200324,0.12969464143067846,4008,65.17674592037372,0.12107092049605817
163,57.203269971581925,0.5130269372563941,0.5130269372563941,3480,0.035136774865309514,0.5167089275245611,0.06551071550298934,4008,62.31716133485128,-0.6082236827906566
164,35.55455958969582,0.5319716955269368,0.5319716955269368,3480,0.18109276685366568,0.5695011882483589,0.25494210082193436,4008,32.13210629871607,0.5090030547255693
165,85.93463658049126,-0.798658003523989,-0.798658003523989,3480,0.032522025497118745,-0.6970416559576449,0.06382098860714387,4008,90.64495396923064,-0.09369638771784339
166,31.64382205555895,0.0752730413007694,0.0752730413007694,3479,0.021785086737441752,0.06388245424231465,0.04257927943605691,4008,42.59040134115652,-0.07634120198846417
167,26.90366904362096,0.5623078778497836,0.5623078778497836,3480,0.09155329952043113,0.5347401062002426,0.15299952990660845,4008,28.925820450204494,0.17032876850331946
168,48.47082156989412,0.03322820436578111,0.03322820436578111,3480,0.04513355410580146,0.056445486121389776,0.08614641985258567,4008,63.35803901691056,0.06794731677400245
169,94.76093433543777,-0.0033291013804404024,-0.0033291013804404024,3480,0.024966996233217447,-0.002434023767930338,0.04872054048658617,4008,91.8149229558489,0.012380623593899909
170,51.526042031275864,0.10465242682366971,0.10465242682366971,3480,0.031108220220655198,0.11792087473922919,0.06009700378883115,4008,61.38680120263052,0.18126952972507093
171,46.126287355491115,0.1607739157150353,0.1607739157150353,3480,0.11819237544366816,0.6272618360060667,0.17947471376061744,4008,51.22509088700057,0.31949623934680216
172,33.435307305971385,0.34618427688258124,0.34618427688258124,3480,0.07112416366274023,0.3606044932798641,0.12800904059609738,4008,47.641685147274785,0.2228464828442711
173,47.255492498350584,0.11284137990202825,0.11284137990202825,3480,0.07903684156601062,0.16732788976331658,0.14437013813034275,4008,61.3378682857227,0.16054431275250458
174,50.82618468559236,0.1665438652336806,0.1665438652336806,3478,0.13588746205036586,0.32404444926583775,0.2262848427630716,4008,61.55857579265768,0.18204839712608845
175,61.13741753573627,-0.9989111041646752,-0.9989111041646752,3478,0.08940161018647011,-0.7891062822754042,0.17029364962691712,4008,70.40391547033717,-0.06721251586257648
176,46.39579361696122,0.4179298634935852,0.4179298634935852,3474,0.03190480989553999,0.41067233552647076,0.06053253130498834,4008,42.30892912675709,0.3254063744607807
177,61.045904109186225,0.03602373404595627,0.03602373404595627,3277,0.061611149687235064,0.058194652448763096,0.11565628112336548,4008,80.51513356770624,0.03851950866708409
178,27.575464897395317,0.39953005322722235,0.39953005322722235,3480,0.0775269460994814,0.40628143549352724,0.13714560893585062,4008,33.99197754179076,0.29936302469637954
179,34.1552031085838,0.3567707089648664,0.3567707089648664,3480,0.078777381798186,0.3927371492779328,0.13946289204481846,4008,46.15657377628657,0.4288024498263908
180,66.26505877284627,-0.05263289186214015,-0.05263289186214015,3480,0.11376483265888487,0.02500737925621599,0.20375497223171024,4008,99.44458213767993,0.19815262261200262
181,40.49602549237494,0.585873688006985,0.585873688006985,3480,0.07182974181268063,0.5905708966067633,0.122217750718951,4008,51.109494914377976,0.6106058916669257
182,70.97471684107012,0.3144069562563182,0.3144069562563182,3480,0.07278679024067246,0.33160837723953074,0.13127765188815343,4008,76.3409669536367,0.2986269520588837
183,162.44619618460808,-0.19583564881729454,-0.19583564881729454,3386,0.03341961693509082,-0.16604943128107497,0.0649769585613703,4008,141.9878827578391,-0.10321550794821555
184,42.2848912866276,0.3843545562167382,0.3843545562167382,3480,0.07216616692662436,0.41400163609576923,0.12850663859037278,4008,56.030880164916375,0.27890971814430543
185,43.69682854023246,-0.028564481652078477,-0.028564481652078477,3478,0.0010706531538373014,-0.00835052025367844,0.0021390351086825066,4008,51.749252285770794,-0.013568535576010898
186,37.33818342476879,0.02963484012184381,0.02963484012184381,3479,0.02473883113409368,0.0854925088127666,0.048174468949594144,4008,46.89540783866666,0.1015915367869612
187,41.728333508314684,0.043682249695085495,0.043682249695085495,3474,0.006259609625411829,0.07903211052958292,0.012434703395328093,4008,52.734994012300476,0.11495338582575543
188,75.65511619725709,-2.807387956447583,-1.0,3463,0.13737486610572278,-1.325423884070256,0.2594241975235489,4008,130.0265338104654,-0.7478143531794521
189,84.02298297781701,0.3369969559569497,0.3369969559569497,3474,0.06105883002192099,0.416837496344162,0.11054343693526456,4008,109.12670179332054,0.6008285623274714
190,86.02762310404609,-0.03506421795132808,-0.03506421795132808,3480,0.07583072318544525,-0.017766049377519577,0.14114514141627518,4008,92.14265574469903,0.04189028298280595
191,73.53365322630565,0.43338579776083463,0.43338579776083463,3480,0.06953803971221033,0.45509030673648543,0.12333661548792348,4008,62.84167587540266,0.596216111659728
192,96.67268839547862,0.02495622872121428,0.02495622872121428,3480,0.10348389714420077,0.018693748868234716,0.18722403650230626,4008,107.30686174372468,-0.11519801840108723
193,66.69336814265945,0.20001193961176056,0.20001193961176056,3480,0.04164479855888248,0.21089468590362603,0.0791143602551018,4008,79.03892997491512,0.29386061124927354
194,66.6454450835022,0.38906663684779363,0.38906663684779363,3480,0.08275355637877362,0.4515510744913487,0.14380836698310895,4008,64.59770018216634,0.4180826132480946
195,71.66068986110554,0.27712116710620993,0.27712116710620993,3480,0.023775557180311133,0.2689202118496359,0.046053404573625625,4008,76.21533510832846,0.2077643675670897
196,83.25224244265192,0.17537159359936094,0.17537159359936094,3480,0.07044598660642172,0.21334469985687765,0.12931192519361256,4008,89.99175965223249,0.2789922431799493
197,92.50395796966419,0.04778610717646814,0.04778610717646814,3480,0.06334597645859157,0.1666891598304242,0.1177415659707435,4008,102.15105966231681,-0.17334241101581083
198,22.114328834144864,0.18269071473363585,0.18269071473363585,3476,0.011875799493111024,0.21408392062352422,0.023398036566407966,4008,25.4335403924083,0.3167114560180052
199,50.26340198734548,0.01560873596601553,0.01560873596601553,3375,0.0004071574109935262,0.040880879159792216,0.0008139692823992694,4008,59.07563774917155,-0.021514378736055884
200,24.990601845408783,0.56063923251615,0.56063923251615,3480,0.09377863490907698,0.585880430433655,0.15292658088121155,4008,31.932876934366156,0.40531119841299235
201,43.01140783247413,-0.005523453820735158,-0.005523453820735158,3480,0.05289507987808032,-0.010489939460208486,0.10052792749893075,4008,37.324276954782,-0.006267726637496862
202,35.34053564719997,0.20197365576986093,0.20197365576986093,3480,0.066707271782116,0.28143130560413065,0.12208130454949175,4008,41.179119623364556,0.22112993814268456
203,68.75517576477273,0.08997967886100888,0.08997967886100888,3480,0.03284322460296529,0.12180774942783501,0.06331842418009179,4008,64.6290662942525,0.2535149938921556
204,65.73090293075478,-0.0010338390200697045,-0.0010338390200697045,3480,0.08252822317161007,-0.011041297860780785,0.1526001598632656,4008,74.95008824271709,-0.08837154060400643
205,43.73618666129653,0.11794822873769606,0.11794822873769606,3480,0.014165342221208799,0.11937926426866274,0.027882181889264102,4008,32.61654648372196,0.12146743039971442
206,46.79177243619087,0.01631498055809899,0.01631498055809899,3480,0.04152085205745233,0.09529676001614606,0.07939778684398067,4008,53.41516529127279,0.22310204419315816
207,73.04040568281782,0.03205995309894416,0.03205995309894416,3480,0.05097774681165455,0.04037273734934543,0.09681257300514236,4008,71.7604210932271,0.008067059363191631
208,65.97706056853518,0.020736460631414322,0.020736460631414322,3480,0.015806964444647766,0.020788958212666797,0.03111170657092654,4008,87.55335710170937,0.022630312796606322
209,105.55058362299926,-0.0769667763867623,-0.0769667763867623,3476,0.08843919288409861,-0.07279048528501897,0.16340733695669465,4008,94.46180610194172,-0.032480730593793083
210,147.71747285178253,-0.07963962618255627,-0.07963962618255627,3480,0.06318655105051753,-0.08345122965623375,0.11940919370583324,4008,148.39543272191864,-0.06454485599157733
211,27.66472697205874,0.7010662994447692,0.7010662994447692,3480,0.07682811424321934,0.6988095769823792,0.12242728833477473,4008,32.63274613896939,0.4452297133905173
212,37.62822441183699,0.12665832274054778,0.12665832274054778,3480,0.08932005386544419,0.1243342550227291,0.16210500010113096,4008,61.372874577631244,-0.025012569111404703
213,58.16696725076221,0.001263404386531608,0.001263404386531608,3480,0.14476648380026544,0.14766210687663806,0.2474965763923159,4008,64.91805473960807,-0.013704968566685016
214,41.29217644297723,0.1658414386979582,0.1658414386979582,3480,0.04527429727592365,0.16553710411318268,0.08588865290163784,4008,51.08114912613536,-0.020640651165624746
216,56.09077918405946,-0.019640057547028578,-0.019640057547028578,1723,0.029857280672208098,-0.16442630232812516,0.05822168775588464,4008,61.70595033741352,0.0015584640392135585
217,42.50440281488198,-0.018370484299972567,-0.018370484299972567,3414,0.23612805871457515,-0.009871003437360582,0.38275932436412474,4008,51.10324326277976,-0.19884452929539598
218,34.29491329037,0.12259806478274138,0.12259806478274138,3480,0.08203407677390767,0.13899983244159297,0.1497959470132328,4008,39.19650182675767,0.08612208961221268
219,45.78539147331932,0.06839163287811234,0.06839163287811234,3455,0.13836044700080513,0.05717247689532545,0.24130871069292073,4008,49.3006436959352,-0.038897969313634206
220,36.64495984724872,0.13430324397441984,0.13430324397441984,1878,0.15244783855720603,0.40564416717549867,0.2426561773064758,4008,48.357601862992226,0.003074300448314582
221,57.52062659743819,-0.1267582791048183,-0.1267582791048183,2566,0.13709560115898903,-0.010364329533546268,0.2414315331488752,4008,61.90962518370954,-0.12455262603571993
222,46.81840435608667,0.03642184031385287,0.03642184031385287,3480,0.04149036276125342,0.04094802962752753,0.07953969130525632,4008,29.322457453618505,-0.7217185588418096
223,45.59634102198633,0.07410546169756416,0.07410546169756416,3429,0.18750574780287452,0.08204010760939107,0.3114031767565777,4008,50.355338543951724,-0.062235602134144585
224,40.06582722387868,0.01785026072472229,0.01785026072472229,3480,0.10301880606293193,0.052380577251563754,0.18583489322301414,4008,52.50226480637894,0.07254036066976288
225,43.10618358587443,-0.09076445632075703,-0.09076445632075703,3357,0.2050103168815763,-0.023272098120423523,0.34158485789508264,4008,52.59091753239391,-0.13845449792913667
226,38.803768195576716,0.045369129105413464,0.045369129105413464,3480,0.024725179958020108,0.07570031953573719,0.04816201743008161,4008,56.62051932166132,0.1327047745164982
227,44.78859511186104,0.08427648354407735,0.08427648354407735,3467,0.13005627794811006,0.08218634545444614,0.22782871052723708,4008,56.98246697634297,-0.1002625073045964
228,60.29641979813724,-0.046026629001078234,-0.046026629001078234,3470,0.14179818325064525,-0.029094235535193302,0.24925209293594738,4008,79.81553335106244,-0.08041395225265147
229,47.58914064099449,0.027119524726304856,0.027119524726304856,3385,0.18206544270824257,0.051290774592810506,0.3055023604535178,4008,55.2116821949585,-0.055667865800956395
230,35.744461736394506,-0.016674716329226902,-0.016674716329226902,3480,0.07029987652631353,0.015511914114734404,0.13122901160367126,4008,40.95645657780997,0.01576007142480551
231,38.81296926537933,0.04006999355201257,0.04006999355201257,3480,0.06643819038190274,0.05314367101598283,0.12416413954101847,4008,50.395042260875236,0.08639254035241206
232,44.97685884467203,0.10547690830678902,0.10547690830678902,3460,0.19980282348427716,0.10738817749620677,0.32651770656259027,4008,51.85749977706984,0.008708180004598831
233,32.749384139650495,0.20179942538195927,0.20179942538195927,3480,0.08273598643751666,0.19631079017874187,0.15002736800441407,4008,36.62447889180685,-0.003720475919748445
234,46.154028768395335,0.363342173416179,0.363342173416179,3480,0.09565795680868702,0.3715406610071945,0.16604253662757457,4008,48.971391344603944,0.34730820047686484
236,28.31926800786454,0.6874362655497658,0.6874362655497658,3480,0.09714321323629428,0.6962828103962352,0.1472036824000224,4008,33.05531394236905,0.453969459964636
237,68.51944693360784,0.3719824006635558,0.3719824006635558,3480,0.04983825961165094,0.3821478465973822,0.09223638807058684,4008,69.50794462416418,0.47206811608413757
238,28.96980860800125,0.5509235123544325,0.5509235123544325,3480,0.07828646697202117,0.5848436181640437,0.13173207982783905,4008,30.90587598550329,0.6647603157817243
239,19.589431245554994,0.20569234108692114,0.20569234108692114,3480,0.0326518295997182,0.3604177785390984,0.06213172235831112,4008,22.41826556299218,0.5402844302412109
240,43.80896038083212,0.12659942456642936,0.12659942456642936,3479,0.008045751506236798,0.13039100374373724,0.015943986879358277,4008,63.99682227492918,0.012394905635969566
241,34.608139659021866,0.5425381771139647,0.5425381771139647,3480,0.08896538644708597,0.5577703547878339,0.14813064482837893,4008,42.758193199197194,0.38052863111004664
242,27.08478354983759,0.6327701636506269,0.6327701636506269,3480,0.04515842530470837,0.6431585165500977,0.08017115986874672,4008,33.65304614520278,0.4250576906300153
243,74.47113690330555,0.2501741934247159,0.2501741934247159,3480,0.06334224552210206,0.3168875016146768,0.11593436827914642,4008,87.07313525742043,0.2549833901874603
244,31.882352494010917,0.5787518459029055,0.5787518459029055,3480,0.09442635484510364,0.5921592712764276,0.15334834644991033,4008,35.4069678070701,0.4176443803176987
245,33.46895431325008,0.22645731013761516,0.22645731013761516,3480,0.08680170534661868,0.251046635666186,0.15557292227762493,4008,45.08493933217827,0.0043483474611787365
246,34.07849797694093,0.3625112097655975,0.3625112097655975,3480,0.06735927736608134,0.37180798235384993,0.12167200509644992,4008,50.39428183318492,0.30712637010400745
247,96.04045058218381,0.1678037790471142,0.1678037790471142,3480,0.050133231806071835,0.11014043608858937,0.09491888873120441,4008,80.44352379478404,-0.08709474081863733
248,102.66638546823692,-0.06676554530696865,-0.06676554530696865,3480,0.02046628433748732,-0.055147485435196764,0.04015372257546551,4008,74.91711698779714,-0.024759303524303444
249,32.956582151560866,0.047110809343983595,0.047110809343983595,3480,0.09252304403943191,0.11665588950024586,0.16750166384344622,4008,28.59684593648853,0.10531294522776402
250,28.982062777095713,0.5748439221721666,0.5748439221721666,3480,0.040722190158047844,0.5921736691794776,0.07405032284534355,4008,38.56770077544945,0.4151293981217875
251,77.34054867932792,0.3814380109873453,0.3814380109873453,3480,0.07903431407350966,0.3982431078946239,0.1397181478694323,4008,70.65947980128384,0.44718849130125893
252,32.84588018889345,0.006492531585217454,0.006492531585217454,3480,0.025085357248130886,0.008987856128715777,0.048932102753642404,4008,36.36612329436751,0.7406073676337801
253,77.72906490037676,-0.006457007400413328,-0.006457007400413328,3479,0.10070907484355021,0.15124201505711543,0.18005391666541956,4008,76.39718738907817,-0.20947704504008513
254,86.51271717401242,-0.05622579504850367,-0.05622579504850367,2897,0.2999799537938501,0.04212467373901885,0.4568783081301891,4008,102.6471616608205,-0.013113902731824334
255,46.48162295465414,0.05840059551218102,0.05840059551218102,3400,0.10555592628070089,0.08934825038804395,0.18918315858024412,4008,54.645273187564605,-0.07974355876572936
256,62.305270863802285,0.5058585885029137,0.5058585885029137,3480,0.05226633900659634,0.5394217374816548,0.09387927468193193,4008,74.3097845585367,0.4911698358867729
257,75.8370864786516,0.41118798017737634,0.41118798017737634,3480,0.043447459565159295,0.44722671451915263,0.0805627619272998,4008,82.85585895774628,0.6366303868603596
258,47.5070312303296,0.31888325652192884,0.31888325652192884,3480,0.05423105801945954,0.3291221402955563,0.10035021013892896,4008,59.33719479989631,0.22983892884914814
259,121.00783416427987,-0.07841032449728491,-0.07841032449728491,3480,0.11731469809090143,-0.07405955150019539,0.21152542462478288,4008,127.7961737794895,-0.04724120580269697
260,65.32305815330976,-0.2394849308741902,-0.2394849308741902,835,0.17022560409007814,-0.33495430061676257,0.30194849339208485,4008,71.78427865037969,-0.19327619583014544
261,37.39915890203232,0.4623855888767582,0.4623855888767582,3480,0.0610683096999237,0.46802557256331434,0.10955965583188541,4008,44.02532610669801,0.28916000144898135
262,25.230990463586387,0.6327737985341562,0.6327737985341562,3480,0.1144639811732317,0.6320404218359579,0.1746105363732181,4008,33.22466325495672,0.3364796742514313
263,28.612295547276705,0.5157739062113182,0.5157739062113182,3480,0.09155092570818327,0.5473067447683875,0.15230107378176852,4008,45.63055200363317,0.3818361317954847
264,34.408152818149816,0.6626172390135812,0.6626172390135812,3480,0.06008408177614687,0.6657950904925087,0.1018562301091116,4008,50.58915334093223,0.6321171218877725
265,70.42382756057648,0.4827328821590503,0.4827328821590503,3480,0.06958814252942785,0.4963543449986094,0.12228087658309983,4008,80.38359131201248,0.3228479268171862
266,79.39772242057393,0.36012353126871155,0.36012353126871155,3480,0.06432828010097687,0.3538045082460649,0.11700845556515423,4008,86.01351863608767,0.29294165329478694
267,93.65141364693554,-1.315447024422737,-1.0,3480,0.09544273439347262,-0.7867078757871424,0.18120578056302694,4008,92.5316801388868,-1.0552639039876368
268,60.67864495776134,0.33720177325235656,0.33720177325235656,3480,0.048450670360202716,0.3874040561001617,0.08979906560783801,4008,63.92024416737841,0.6531721174914784
269,63.91330101881276,-0.0005855864538200084,-0.0005855864538200084,3463,0.011091834934260664,-0.0005776759631950235,0.02194045051499995,4008,74.98598013316587,-0.003363810304561232
270,38.616662636317756,0.14372414654353005,0.14372414654353005,3299,0.009597433863243276,0.18636961037329658,0.01897108827168426,4008,48.95370056142985,0.04604720426716902
271,36.9911778525094,0.5480368695423662,0.5480368695423662,3464,0.05370435774681063,0.5494694984053969,0.095968974715824,4008,41.980179375229696,0.5070190669580796
272,34.71248929883727,0.1575042355629428,0.1575042355629428,3480,0.058996228252125575,0.20153372027333327,0.10987418913841318,4008,37.13027143779785,0.31020223493462173
273,41.036137357788775,0.024868373706188884,0.024868373706188884,3480,0.0795990667547329,0.07926947943315332,0.14653028581500874,4008,49.42370595881313,0.11595562952392979
274,65.80722971756305,0.2988448647341826,0.2988448647341826,3480,0.07166556909709297,0.29288822630101585,0.13014135078827507,4008,63.01845491705892,0.2234263865554893
275,62.318550637729764,0.08190524283327294,0.08190524283327294,3480,0.019601993741471462,0.0815453331605206,0.03838476584146399,4008,76.54320357651876,-0.06156926824395548
276,51.7319200514186,0.15850920495489018,0.15850920495489018,3480,0.10113496988698198,0.1980572318128042,0.17961788734744158,4008,60.3074088906005,0.3067557929891733
277,46.355801670130944,0.28012628591837985,0.28012628591837985,3480,0.034693962478229604,0.2932100156295494,0.06614127062886,4008,56.617596074827084,0.3513143007670635
278,25.070005387658057,0.6121209137700736,0.6121209137700736,3480,0.09223362266035336,0.6149107476591353,0.14882243718520416,4008,29.254037371910808,0.5916953322881947
279,28.23291212842884,0.20211477837073233,0.20211477837073233,3480,0.002172841812320198,0.18266922501038285,0.0043341614264595235,4008,35.01561971351567,-0.004786594820183954
280,47.919555590550495,0.2155315956456637,0.2155315956456637,3480,0.17855553574460617,0.6384610044506207,0.23904996367292453,4008,67.14728938452677,-0.3555897317972676
281,42.842783457254704,0.008535137425984773,0.008535137425984773,3480,0.07614880357096426,0.03343661173513435,0.1411753812186274,4008,41.59497743389979,0.03545253014856309
282,89.81562010279566,0.00015554444919885224,0.00015554444919885224,3480,0.022935813174979273,0.01711762453728738,0.04482560922292678,4008,105.50290232765505,-0.042828501013976616
283,86.76090640134963,0.1652452738328135,0.1652452738328135,3480,0.02263226098909117,0.1775438739824603,0.0440522955522752,4008,89.80525538284171,0.36095018621568487
284,108.25485931875028,-0.34001015494534803,-0.34001015494534803,3480,0.12053559934940021,-0.32860852126323614,0.22101959650981046,4008,126.27068187469467,-0.3031780720586592
285,54.04706401804017,-0.04886096138228968,-0.04886096138228968,3479,0.11441250265258629,-0.04636352049980741,0.20627074763248546,4008,71.92353216395264,0.005017681928284001
286,48.979455215329004,0.15464224091667889,0.15464224091667889,3464,0.04445184929019317,0.18017830542405822,0.08433114879139476,4008,64.14809717904885,0.12693505603474775
287,46.66041690942065,0.49576544411914447,0.49576544411914447,3463,0.0521510699939713,0.5044005448276074,0.09437158227395391,4008,50.037905527940595,0.49526372731861446
288,85.75079679523321,0.01553598110618104,0.01553598110618104,3476,0.07424032330445876,0.033808588674978934,0.13788576484800436,4008,82.94065561737486,0.007268438615616435
289,58.23183251902927,0.23011940872103276,0.23011940872103276,3480,0.07188773723017813,0.23724865993768818,0.13139204573128388,4008,68.23937005748199,0.05495179420115548
290,78.4889151394456,0.23220258447564235,0.23220258447564235,3480,0.07591923660776473,0.24039831748896623,0.13804173789695812,4008,78.14799754415851,0.23935100580922353
291,62.21983521301727,-0.19125105447260382,-0.19125105447260382,3480,0.09689714833583472,-0.13741607271172462,0.17858088536647695,4008,54.60215036114368,0.10399355227800566
292,50.15130343931873,-0.016240970760446505,-0.016240970760446505,3349,0.005683245008860931,0.017613738574628002,0.011301111471738179,4008,59.82935592030918,0.007030065693725884
293,40.565511833255655,0.2178731193276029,0.2178731193276029,3480,0.051709843537630445,0.2811097776830429,0.09647987993750551,4008,52.51311121492227,0.2639927205461302
294,66.38512503691206,-0.015075939549236583,-0.015075939549236583,3480,0.01862999196935834,-0.014144124644092093,0.03658785903706548,4008,98.88898751067244,-0.029629979236551085
295,68.6478214823034,0.08179506303423645,0.08179506303423645,3480,0.04054607414263751,0.08641013776994022,0.07764613170480718,4008,72.26868628137005,0.1648627752656321
296,82.17454888040758,-0.007585646264769874,-0.007585646264769874,3465,0.025742997403594262,0.00775262777359087,0.05018401409088307,4008,76.43966876613884,0.10794851228750957
297,84.93376457689764,0.02364057755321547,0.02364057755321547,3480,0.045816030842661906,0.09668639053699968,0.08720883309138855,4008,87.57290021045978,-0.015234428146188916
298,70.31833724364861,0.19149959807692696,0.19149959807692696,3480,0.035793732071472836,0.10009809365595557,0.0688489855116379,4008,68.33960282766995,-2.2554695950577646
299,79.7577032749566,0.49025089791168686,0.49025089791168686,3480,0.08178883980866125,0.4832152360251186,0.14122649581982952,4008,87.35927640841794,0.14036922648756456
300,34.12180766225556,0.09805819342211297,0.09805819342211297,3480,0.0011086012194901434,0.14131514611576423,0.0022143436206058043,4008,41.1134049705412,0.07351496359681564
301,85.3195309079765,0.08732677606313943,0.08732677606313943,3480,0.029885650353579773,0.08873087484681674,0.05787330875025637,4008,81.86880797515906,0.0592615058425876
302,37.283844396596564,0.5772235861821198,0.5772235861821198,3480,0.031914848320841974,0.5893997915226643,0.059226203369784305,4008,35.85239773879626,0.6632376761805162
303,38.56418722242061,0.39987503702718785,0.39987503702718785,3480,0.05320675868507881,0.40077348693625736,0.09773536040803968,4008,43.929537061871216,0.40575646550199385
304,65.73571711228306,0.308982493472983,0.308982493472983,3480,0.07976902614843626,0.3425203882526484,0.14227631126244727,4008,62.52359894869581,0.46809763206384947
305,53.59395376185827,0.19799343235356526,0.19799343235356526,2711,0.1032126466857785,0.24304421720025982,0.18165607359850627,4008,58.17600330543391,0.0024530112764638012
306,111.63091572070942,-0.016654188217112287,-0.016654188217112287,3480,0.06255877577532427,-0.028725823179061694,0.11794508631058721,4008,117.83900283779927,-0.17404883727954013
307,48.21734674408839,0.10274551266581478,0.10274551266581478,3480,0.042921018362302804,0.10977856740850245,0.08189362817160464,4008,54.1509269503726,0.08485091109763399
308,52.09425830136826,-0.014539466522254907,-0.014539466522254907,3480,0.046064995020161474,-0.01734507215377179,0.08813908600111861,4008,48.47452093933855,-0.013252798124226528
309,86.8772602035873,0.00032505436715923874,0.00032505436715923874,3480,0.09160260178256423,0.01244804112106257,0.16765407315394532,4008,91.70240680979504,0.039718391357028926
310,77.52796776040003,0.019116151719318686,0.019116151719318686,3480,0.046092256172243586,0.03858489666228748,0.08796718120741027,4008,86.79667022828062,0.02436063243536346
311,79.83093821486717,0.06805118167016178,0.06805118167016178,3480,0.05229232561065552,0.09126500374931357,0.09889389247685704,4008,87.17256451438688,0.18515700219661135
312,55.98446200988353,-0.0040656262891645145,-0.0040656262891645145,3443,0.0063734908015239036,-0.0025545252035583665,0.012666457751290865,4008,66.51207981734126,-0.032063987311427455
313,53.00923710933414,0.3397755242759076,0.3397755242759076,3479,0.04552985724663488,0.34158326687456053,0.085170154321373,4008,57.74419421832383,0.09099252666340774
314,78.68738248519281,-0.1163020124799099,-0.1163020124799099,3480,0.023312321379479008,-0.08636909671626047,0.045645146627477824,4008,85.44211167448933,0.09840928222301182
315,41.25174793095468,0.4923836738473818,0.4923836738473818,3480,0.038372986744335674,0.5000500548447767,0.07127533114956439,4008,55.872313634415335,0.5557756387032307
316,40.37305123457643,0.6090373049110215,0.6090373049110215,3480,0.07443542014100223,0.6354569308022007,0.12362754519520903,4008,54.44244744582406,0.6531848235400258
317,51.40769393443143,-0.2805586276177079,-0.2805586276177079,3480,0.21597603589861236,-0.20757176450766113,0.3664177102968013,4008,57.76235479763471,-0.6961408069676747
318,67.76781968886432,0.3041151395961167,0.3041151395961167,3480,0.037552765951384084,0.31188640090210096,0.07121886910972647,4008,70.59679935963244,0.389348106571612
319,56.67586684649171,0.11939659341211317,0.11939659341211317,3480,0.07144458801047103,0.13753782781085877,0.13195804376338147,4008,50.235577088855386,0.09227883807980686
320,30.874940480573866,0.5379473568029631,0.5379473568029631,3480,0.05971668964755665,0.5581080641628714,0.10521479196912054,4008,44.86076886870777,0.4676456528068611
321,65.52693687001468,0.09815436733300009,0.09815436733300009,3480,0.029660074994321856,0.09514755568107858,0.057437414272453864,4008,86.10410142294079,-0.04921748349227939
322,46.87150212271513,0.27221880549310007,0.27221880549310007,3480,0.06488102119361829,0.3065964964783261,0.11865922603289444,4008,59.58555479711971,0.15163419054338922
323,33.727152629020544,0.29330422923712296,0.29330422923712296,3480,0.0983824574637681,0.32345502793094194,0.17178423269140655,4008,40.00578768470017,0.39023430750222454
324,41.777400923653865,0.24010533238452558,0.24010533238452558,3480,0.03526424243493213,0.2523972081352679,0.06735152955044113,4008,53.00230612212849,0.18628070215453352
325,25.052692530385695,0.06852372492254755,0.06852372492254755,3480,0.0786249110966811,0.1400365569525578,0.14407711103054766,4008,29.380884184120827,0.191297026144704
326,77.04271055663884,-0.3181930804128976,-0.3181930804128976,3480,0.048006269887095596,-0.34075248018007787,0.09269360198408015,4008,74.70712414695403,-0.5671234796815396
327,26.256284188750556,0.4823472940082869,0.4823472940082869,3475,0.11615794934027447,0.5036330423327948,0.1882599948615292,4008,29.584231795380145,0.5524247176517323
328,51.065136573689514,-0.010779097644282531,-0.010779097644282531,3476,0.04373441609140063,-0.004887310156848956,0.08382080715532256,4008,54.14086244152562,0.00168162060513255
329,91.8884669703062,-0.016107263160763496,-0.016107263160763496,3476,0.053214031517693966,-0.004105921436346582,0.10107162737472616,4008,93.75930906876403,0.09131114009184327
330,24.652614372898157,0.5660436675464859,0.5660436675464859,3480,0.08092181582535589,0.5782159284073134,0.1357912601135258,4008,33.18738085194807,0.512588825644162
331,50.728639686067865,0.2178118956899725,0.2178118956899725,3480,0.1643993459554194,0.23001418011686547,0.2709485762654038,4008,55.97320785164843,0.21110334834286604
332,86.94507726321609,0.056062381418338636,0.056062381418338636,3480,0.03676875129792002,0.1716206660390378,0.0704121623331872,4008,85.56155502753873,0.2275614426097201
333,72.2443993720556,0.14289418376129548,0.14289418376129548,3480,0.08843232443459494,0.17739544057217693,0.15969679069916554,4008,74.03067284102357,0.3077624347279925
334,66.45601747374941,0.3645509755310604,0.3645509755310604,3479,0.07856749673119143,0.505331513441271,0.13559813352146116,4008,73.02913050043065,0.5906916956764006
335,27.482566317050367,0.5337154782147997,0.5337154782147997,3480,0.10454070847051415,0.5354447671485232,0.17067397477185775,4008,37.36106449822304,0.35747837245599723
336,71.35406833617503,0.42920410632131945,0.42920410632131945,3472,0.03538614057562062,0.37170562651734196,0.06699884221996766,4008,78.47334436932542,0.06394573148077587
337,82.6360378240321,0.4150822481334573,0.4150822481334573,3480,0.055945463595999466,0.4131312828236482,0.10215282560497208,4008,84.78765732003556,0.19218232797621382
338,46.26243304065464,0.08532288427861578,0.08532288427861578,3480,0.057084411904883635,0.09887315438578292,0.10736733811033326,4008,61.70725089409183,0.04667854782846692
339,58.89352728809786,0.16062527221967549,0.16062527221967549,3470,0.07516836622859044,0.2657485744729968,0.13637541513080242,4008,76.10524242286706,0.23659155528660492
340,83.97996234764761,0.3692668111679436,0.3692668111679436,3480,0.09317742778984951,0.37420019681730643,0.16220379021761894,4008,84.95569239318303,0.39786927479761425
341,35.41423807900576,0.059370545422911425,0.059370545422911425,3480,0.10818665897640853,0.25282385216848335,0.18900632680631993,4008,66.5558528673831,0.25067818857739055
342,24.724921163014585,0.4124723976124479,0.4124723976124479,3480,0.0732648707354116,0.40857599926908517,0.13037860215045172,4008,34.3967721123342,0.29737646283896213
343,40.34805167014596,0.18243399150951278,0.18243399150951278,3480,0.07439824106916519,0.1743414511456397,0.13649703984501485,4008,48.593577185444225,0.10013008150671432
344,65.28432353560859,0.12376713954202279,0.12376713954202279,3480,0.03796083667223548,0.13534313369818174,0.07272868230051498,4008,83.50933682270168,0.16998574702683478
345,41.20706691633966,0.3652385910202749,0.3652385910202749,3480,0.06715465865413155,0.38772351997849686,0.12103424667272102,4008,45.092118008612594,0.4069132383964461
346,69.20815609829609,0.3545422444876041,0.3545422444876041,3480,0.05350577153299267,0.3522067885613961,0.09884707211463718,4008,70.75230499453554,0.3205453266238194
347,35.12373447258238,0.19947266453226375,0.19947266453226375,3479,0.1018672173429799,0.2283915631370843,0.17997434493592346,4008,43.61485073938191,0.15564002521428089
348,39.48558609141819,0.001229725803342907,0.001229725803342907,3480,0.22098544495666023,0.03215437783255981,0.35981528642488075,4008,43.12581040879055,0.06547010698483446
349,39.11154455023459,0.29602408760299337,0.29602408760299337,3480,0.0672826606819392,0.28632063788775286,0.1229720394978945,4008,58.596289709102166,0.08704159586123572
350,77.22481227943015,0.14075194148774117,0.14075194148774117,3480,0.09484624278316013,0.1937557583732321,0.16972598958013085,4008,79.48723519864085,-0.07799430346518976
351,58.39436613998399,-0.022477780451993112,-0.022477780451993112,1088,0.06533587190450299,-0.00014541517174437857,0.12265888387556607,4008,66.35033463500278,-0.05941950060251555
352,61.596007387789285,-0.06476277155732002,-0.06476277155732002,751,0.12500749004811643,-0.5616991323526122,0.2314855306228113,4008,75.59621372493879,-0.1493470353807893
353,61.75888633369472,0.0620207290930771,0.0620207290930771,3480,0.05870005374134871,0.07548439223497039,0.11039107285450996,4008,75.52943236962896,0.07297367714224401
354,57.931807869155975,0.39314753174891015,0.39314753174891015,3480,0.038631062372256636,0.37544338540437205,0.07276156168570524,4008,74.45012534757616,0.2642299808460178
355,42.223397176014,0.11889649125916191,0.11889649125916191,3480,0.0884513388982669,0.1389143163482045,0.16042382722599993,4008,55.3490196293529,0.07007691140024308
356,30.939622635459756,0.0849388239235559,0.0849388239235559,3480,0.04533502062386453,0.13810664979504306,0.08613917744088276,4008,40.66208114417032,0.20897636924549057
357,64.48693589422932,0.5487824361817528,0.5487824361817528,3480,0.04903884705970995,0.5436061053214668,0.08856185423664854,4008,63.316020907071604,0.45401606730319066
358,67.27088528414448,0.25539173613553257,0.25539173613553257,3480,0.031195551741787547,0.26621598095662946,0.05984681998728326,4008,85.17881360443099,0.3768137995293378
359,65.55178036181569,0.02687220072432095,0.02687220072432095,3480,0.024907097737999127,0.04107594082506061,0.048553077623872454,4008,88.45854431132746,0.20378157600581237
360,51.417262429028824,0.061442023719533334,0.061442023719533334,3480,0.09474381373647986,0.13936047937424878,0.170696447182328,4008,79.48827726311404,0.4126160608253713
361,62.71911464646516,0.5175139265572464,0.5175139265572464,3480,0.1019788646862932,0.5141565089151363,0.16857394806313933,4008,116.62525838138593,0.06477769412062473
362,50.89302218662287,0.23377595692889885,0.23377595692889885,3480,0.07072847513656569,0.28182873929906016,0.12877468669033768,4008,60.12020400369382,0.36162574045504514
363,52.91697904261361,0.14430763689542825,0.14430763689542825,3480,0.058380440278738274,0.15655934468435506,0.10920222879430626,4008,60.560337156407165,0.07093063513905062
364,34.92034939770331,-0.05496215268554927,-0.05496215268554927,3480,0.0016728129507203118,-0.014382040304555144,0.0033401177280203945,4008,43.654400541713095,0.010366936303380925
365,119.35461774594116,-0.021236274389122123,-0.021236274389122123,3480,0.1488193959764909,-0.06033772535702897,0.26100631098246485,4008,99.38984646985723,-0.028009527902564058
366,127.88343888312453,,,1,0.0027058306259118486,-94464.91660167412,0.005411661096815004,4008,,
367,56.07690957466699,0.31015329014315385,0.31015329014315385,3480,0.06391474487951161,0.3151913629167168,0.11691732991087239,4008,59.85446688956816,0.22479349917409952
368,67.30441073937243,0.4715950449139559,0.4715950449139559,3480,0.02918056754068085,0.46647318960926887,0.055334675662519574,4008,75.02741168310617,0.4271944065349753
369,77.26611903506063,0.44187246142280967,0.44187246142280967,1916,0.028460088624127678,0.45011052291757725,0.05411918389571888,4008,,
370,56.05112686610924,0.3020472481440155,0.3020472481440155,3480,0.026873395506301658,0.3432539918608877,0.05163397975479794,4008,84.78507897823569,0.42742096249176853
371,53.828719002474344,0.17513109699452822,0.17513109699452822,3480,0.021324652434006885,0.19144150798548398,0.04155338960699619,4008,58.58388805514216,0.493734593534806
372,82.0220197975289,0.3705122444284028,0.3705122444284028,3480,0.07800210029333146,0.3800603492308776,0.13856914202795378,4008,81.55244207521177,0.3592639123417398
373,55.20728315311826,0.5288276348060712,0.5288276348060712,3480,0.09276116960381499,0.5262819375269588,0.15514299218471808,4008,53.6675020703956,0.24510922127070722
374,60.7464731795958,0.2706115736010475,0.2706115736010475,3480,0.027206843921808496,0.2927349052448798,0.05239805642951815,4008,94.00585151585435,0.2616309227876741
375,82.35588547901565,-0.08043052315465338,-0.08043052315465338,3480,0.020703470616221548,-0.03400367474808652,0.040594139882910774,4008,101.25184498361943,0.12112400753509889
376,22.425082731356582,0.6239847664229752,0.6239847664229752,3480,0.10859141139388476,0.6543327681654088,0.16526484696365332,4008,32.81608560396085,0.3784727466433999
377,79.8789114524822,0.21166483937827196,0.21166483937827196,3480,0.01864619542686641,0.1652046785526985,0.03647761773331957,4008,86.88524043190824,0.03471537863036955
378,74.43397988019368,0.3964911865672175,0.3964911865672175,3480,0.07357877244447637,0.4224738813352851,0.13052785640600098,4008,77.86486178825392,0.22394600419000188
379,70.65938262215906,0.17319738118741757,0.17319738118741757,3480,0.03631650750807956,0.1538391610524007,0.06964395535840928,4008,71.86528810422418,0.05289186200440121
380,82.5305907061086,0.27665111183296776,0.27665111183296776,3480,0.07987571800090937,0.28411156939277027,0.14371620662557655,4008,85.6107267173216,0.3218421580722889
381,78.80378897993063,0.22276311396244008,0.22276311396244008,3480,0.07416859438204762,0.23511015677167024,0.13522491875754983,4008,77.81009991348878,-0.09238339678117291
382,77.7169834769571,0.3869662011941837,0.3869662011941837,3480,0.06292135796843124,0.3892002439778758,0.11408978966996515,4008,77.44765385149643,0.4061363666283344
383,82.85697231516832,0.23738734540752016,0.23738734540752016,3478,0.06924968569214603,0.19600513815000564,0.1275161502878452,4008,71.84472761601964,-0.1915326999738678
384,58.65463138942063,0.20148405470421504,0.20148405470421504,3480,0.020277130977647582,0.22052104122069394,0.03952604336227482,4008,62.42081227395021,0.30687234523439666
385,64.12699797449794,0.25575409522020354,0.25575409522020354,3480,0.02046230376150324,0.2569773418960152,0.039827779435639914,4008,72.83772768799358,0.2660301518660003
386,60.54567331285515,0.175236688923329,0.175236688923329,3480,0.05711042229232124,0.18362838060940223,0.10675280247556097,4008,82.81425754356997,0.14137571426817208
387,32.95082784652456,0.29260384917975213,0.29260384917975213,3480,0.037853933687377175,0.31484002885394413,0.07174412536086193,4008,44.37110478582294,0.2480423282512242
388,61.30504743285973,0.07573860429323664,0.07573860429323664,3480,0.043338938527972985,0.072414007043061,0.08280885787264239,4008,73.0574636290549,0.050546576439489344
389,67.3413208102059,0.47359379603196217,0.47359379603196217,3480,0.06553284310229365,0.4468704999639064,0.11718233425113182,4008,81.82595592776856,0.14012217077771882
390,44.594642995834995,-0.031751974954674855,-0.031751974954674855,3480,0.1733801863391605,0.7889803130890799,0.19035715245433663,4008,66.98239711523608,-0.040217758000273385
391,72.35708286972007,0.029303100981920016,0.029303100981920016,3479,0.024034363265788707,0.03339925150870737,0.04690250375038138,4008,81.84805800698834,0.03604043884584929
392,47.86146184507521,0.12618280398138781,0.12618280398138781,3480,0.09104344400579228,0.1779797328694458,0.16393063320627654,4008,44.161951449116415,-0.0036851097096133323
393,79.68208221497706,-0.018845673975198096,-0.018845673975198096,3480,0.03872305005762036,-0.011388924873614537,0.07459026256351076,4008,77.98858139041943,0.3271078527184462
394,39.47565325778633,0.03140262405129657,0.03140262405129657,3479,0.039938319282384824,0.11473283726397476,0.07642860593179834,4008,43.86325760156334,0.20364719852417468
395,61.44272898748143,0.48783270084072916,0.48783270084072916,3480,0.05780984979072591,0.45218926309841245,0.10458315688042177,4008,70.85976423013521,-0.1821661610745644
396,74.56543960220495,0.01489608205949422,0.01489608205949422,3480,0.06738648230582626,0.00942586133869372,0.12618864132483237,4008,80.20338896776383,-0.041073601126827786
397,76.93892096768225,0.04482063721805729,0.04482063721805729,3480,0.030669146493741892,0.047427004397807226,0.05942503783621541,4008,88.19141232482207,0.10808682620847221
398,48.391545372202735,0.2891104633626258,0.2891104633626258,3480,0.04275491949577488,0.3046906228146833,0.08055638669935729,4008,77.26880527259672,0.1373321226449501
399,54.5196842377202,0.19325222255125152,0.19325222255125152,3480,0.04913351426153317,0.19159312117914062,0.09263673461933337,4008,60.45934433207203,0.14356239887275013
400,84.01349277106817,0.030545201591234195,0.030545201591234195,3480,0.0698976157304916,0.04864994899973818,0.13022717692540192,4008,83.31527761116439,0.08183347002049624
401,57.97005386535903,0.20765315035612641,0.20765315035612641,3480,0.03938644357354084,0.22158975277601256,0.07497905438931184,4008,60.82855090166692,0.25540687081895996
402,40.946203157058804,0.18995820916090977,0.18995820916090977,3480,0.07432035993474492,0.20818409286832573,0.13588633903854266,4008,46.44594509976004,0.21339931105944654
403,59.66452086822153,0.024743651887320306,0.024743651887320306,3480,0.043577102482839615,0.0837025302921669,0.08319751329821273,4008,80.01771188258611,0.1626953242955984
404,39.79485512155553,-0.004482104287555133,-0.004482104287555133,3480,0.009275678793022728,-0.0032515516071192074,0.018381410122929168,4008,47.4444958645414,0.0022036692518201395
405,65.87082223970677,0.11959448036662335,0.11959448036662335,3480,0.03747776759038801,0.11527291558695962,0.0719093940538718,4008,74.80442925177182,0.07646816959101599
406,46.28423654513411,0.30343282353120093,0.30343282353120093,3480,0.05165259320604232,0.306219183997262,0.09614696046742043,4008,54.279495538868126,0.019376130825084825
407,93.07782341989271,-0.21074131476403535,-0.21074131476403535,3480,0.16843893947253258,-0.15412167862329174,0.29397371872369094,4008,81.65568064325774,0.03186775038379763
408,89.15725972236947,0.19137297603901515,0.19137297603901515,3480,0.05604312958565843,0.18877098143108406,0.10484324466788071,4008,96.87422192363613,0.1627609354136621
409,72.27331545366765,0.28716223743331126,0.28716223743331126,3480,0.07944529428305284,0.2811329220243034,0.14307834513096282,4008,75.73577479858596,0.21091732856323042
410,39.06346176971412,0.2137678212318902,0.2137678212318902,3480,0.07096923159734538,0.21635253972201485,0.13015158404430696,4008,38.70040328222336,0.20862126696699024
411,52.52811389714045,0.02833693285816219,0.02833693285816219,3480,0.054303181388489066,0.046258933882282305,0.10275575549221608,4008,64.02934150185797,0.18571987015823466
412,65.85401658697222,0.2467242887838461,0.2467242887838461,3480,0.012841162464213542,0.23773567233431736,0.025256846188998486,4008,82.15209966216179,0.10714482554362226
413,37.01598574804655,0.38897512234558795,0.38897512234558795,3480,0.057269376764827525,0.39265053219917423,0.10466909201810042,4008,43.319236398839536,0.3779465631754714
414,51.73767070965162,0.24274576847790397,0.24274576847790397,3480,0.022871205831670564,0.2517725959936059,0.044385666755437606,4008,86.66552787792469,0.30761368031611813
415,70.03313626511427,0.1152024574438868,0.1152024574438868,3480,0.01599557667092008,0.12266038434473259,0.031418337056904506,4008,76.31379599204044,0.25436290560109065
416,46.876513483961276,0.26444607839399614,0.26444607839399614,3480,0.04033237320706872,0.3077044971895144,0.07622401904963487,4008,56.71243199337365,0.33862215851476374
417,75.34685566813538,0.040760479756980605,0.040760479756980605,3480,0.057869186282712544,0.0478265252724156,0.10910728092881321,4008,83.41971807428182,0.11218925803567514
418,82.57397386513972,0.012976601830070433,0.012976601830070433,3477,0.01298673078424255,0.01209048187300421,0.025636453258890867,4008,104.07280896980531,0.0019524295823889481
419,76.99795516264554,-0.009185502541458002,-0.009185502541458002,3478,0.11815301675855798,-0.00419876061723734,0.21142945622547804,4008,74.43032754345586,-0.008562961913214595
420,26.2597389259951,0.2533094177734626,0.2533094177734626,3480,0.019034117330468885,0.173604172484487,0.037211161582893296,4008,51.186751912109315,-0.2295627443082291
421,104.18411785584098,-7.118582602673213,-1.0,3219,0.07276235045765997,-2.2960724930517946,0.14238156099302682,4008,105.54471296410304,-72.70995201017406
422,73.5732887976568,0.2598925219565952,0.2598925219565952,3480,0.020725445304248278,0.2652491543371098,0.04031374285628981,4008,83.78960838109661,0.3224123883621003
423,92.9634201046184,0.07102797609040301,0.07102797609040301,3480,0.03088105593715233,0.07331036692730553,0.05977032238713976,4008,96.2935357382333,0.09107848875910174
424,64.33490346922575,0.18410312561965592,0.18410312561965592,3480,0.04497373682726666,0.19466725964405707,0.08519004310805886,4008,85.14301110795398,0.2532235473223854
425,82.59604442349807,0.06099936530326289,0.06099936530326289,3480,0.10134179616354606,0.0745994412205001,0.1826782626546381,4008,85.07697539602333,0.0955109169827153
426,51.24679643322584,0.41428149734366093,0.41428149734366093,3480,0.07744356682807026,0.41988211901417427,0.13664547407286395,4008,66.20222215060855,0.39171403313763664
427,50.56032938862292,0.06685954026797081,0.06685954026797081,3480,0.0474027941418256,0.06946377411615334,0.0902101588214066,4008,67.39324333576556,0.017582922155306102
428,37.219333534986006,-0.2114187197057973,-0.2114187197057973,3480,0.11971608950725242,-0.11244367238796493,0.2161690559518524,4008,60.78143302366599,-0.3171234910144496
429,35.41478401739984,0.004513863100741422,0.004513863100741422,3480,0.09686568028637413,0.2464940671908603,0.171663455499609,4008,42.49110987995434,0.040768760144604954
430,39.41169544297793,0.0819831930544902,0.0819831930544902,3477,0.002530712454220419,0.11118559114470472,0.005047054480258011,4008,51.07212921290025,0.04469154445471857
431,42.784828390741346,0.028965817888536693,0.028965817888536693,3478,0.0021733847598785464,0.06446535799927178,0.004336694739165121,4008,50.3475781736397,0.05221212416369214
432,51.429792906164366,-0.004751705697876307,-0.004751705697876307,3480,0.026849020417150014,0.004264959285827152,0.05228814227483487,4008,75.50296974701372,0.06200826805521431
433,86.99423474183904,-2.568817708458014,-1.0,3480,0.07308259462523159,-1.5807123595281407,0.14213996067822793,4008,92.45786083250248,-4.703967307289794
434,72.35197021232935,0.11574581027325848,0.11574581027325848,3480,0.06991000322721451,0.20435235014966247,0.12852692035241925,4008,75.1802072680546,0.1677332887648878
435,75.6003054413807,-0.018369507547058017,-0.018369507547058017,3480,0.04106161545407952,-0.016426441805111214,0.07893443600475626,4008,71.28650679319833,-0.08493677457545634
436,43.202870789449854,0.08857947885460071,0.08857947885460071,3480,0.07882512569320539,0.1395240579889021,0.14442041346929763,4008,34.56208420578799,0.370155284308858
437,39.291431395304585,0.301945776607086,0.301945776607086,3480,0.09295521951080839,0.37636498287474807,0.1617943615409492,4008,50.63579164662374,0.20920754341447367
438,54.36496414624558,0.40661677807553975,0.40661677807553975,3480,0.04711154461592782,0.263282999573037,0.08855986696179374,4008,61.73247745088827,0.0241067927289057
439,65.01986993083209,0.24600904418987146,0.24600904418987146,3480,0.043964328526644066,0.23026381569898535,0.08317786200688494,4008,77.91567704102006,0.020976618996855545
440,78.24513294793258,0.287916829915553,0.287916829915553,3480,0.045997013905755335,0.29820990254051183,0.0863353978188553,4008,79.51852147268768,0.38045524657076524
441,66.62736038127352,0.2873212035875614,0.2873212035875614,3478,0.023970215511084518,0.2882596759745093,0.046378481856645976,4008,74.81223874154156,0.26595415823000357
442,82.20174004532794,0.10276432861441542,0.10276432861441542,3480,0.09639542309418749,0.15503622331510514,0.17304901417422336,4008,80.0167632095852,0.043688120169209865
443,104.06102934374371,-0.013025724619252887,-0.013025724619252887,3480,0.04828678005802297,-0.008788803449915061,0.09216211941161807,4008,105.28117198795269,-0.16799710747481988
444,72.56623170317276,0.4711326846593026,0.4711326846593026,3480,0.04276501005011099,0.46598621648494676,0.07918843436583083,4008,92.04227589943173,0.22152254521283554
445,75.41532775263926,0.18048997607620565,0.18048997607620565,3480,0.09747135348065743,0.20345804537943402,0.17368873979268393,4008,82.82559341269008,0.33723178687988165
446,85.8050466742092,0.049567226084748506,0.049567226084748506,3480,0.05746833656589074,0.04267980852350728,0.10842771167550345,4008,94.64990884948152,-0.06214885117711866
447,63.2938850294456,0.11372780346683575,0.11372780346683575,3480,0.04048048322734563,0.13738399277121727,0.07733196437210811,4008,86.21339155457348,0.19891035754963182
448,75.35357565764197,0.02556920913910188,0.02556920913910188,3480,0.058910133918341934,0.052441977805797846,0.11092406579154153,4008,80.17000279592698,0.07207149248218403
449,70.88127875895712,0.22329054793428893,0.22329054793428893,3456,0.018992981923309577,0.22949605307840937,0.037072132901470455,4008,72.68853890747212,-0.08245095895148258
450,87.6381213070536,0.029241354782253426,0.029241354782253426,3480,0.13312827245595626,0.11144266941876357,0.23156262953438095,4008,93.92400497778728,0.05389841368741055
451,88.49770233675746,0.02291663472399419,0.02291663472399419,3480,0.10265671109531337,0.0417720453270668,0.18544622894530788,4008,99.87510750626033,-0.08808444502567903
452,22.011777190717186,0.6097872831872642,0.6097872831872642,3480,0.06093664195595162,0.6349272192160431,0.10444045668012199,4008,31.352316449525013,0.6106320587313705
453,58.167107499508184,0.2958369018063228,0.2958369018063228,3480,0.050922209655107215,0.3094230758920121,0.0948502872388824,4008,73.94575338381722,0.24028673866730021
454,61.64556666629054,0.2919812463176412,0.2919812463176412,3477,0.03141380592046572,0.29046681347318615,0.06016392007224152,4008,78.17064859727805,0.2651161510081168
455,77.95179439514855,0.3820005248173457,0.3820005248173457,3480,0.04540414561904055,0.28604929747807406,0.08537858615503056,4008,83.75147057887753,-0.21578715088493494
456,90.09107355173688,0.07314158627876799,0.07314158627876799,3480,0.08632974004973794,0.10700151436983729,0.15743920190953362,4008,99.62502454481728,0.008351743107021026
457,34.389179004497024,0.0043111039387477845,0.0043111039387477845,3460,0.002665211935842065,0.012143726199234983,0.0053160812152849655,4008,87.36469955759382,-0.1603364067473707
458,45.65588735886686,0.1399257334343642,0.1399257334343642,3476,0.11239715379327384,0.2113711477733896,0.19675267483360787,4008,62.752935798761,0.17805876069162507
459,36.89737058102698,0.032378697543944845,0.032378697543944845,3480,0.08649000281990507,0.0932758979778876,0.15791674676879955,4008,44.742877104123686,0.21792166075813402
460,51.62973901387693,0.3727949566553631,0.3727949566553631,3480,0.07938491157784786,0.43084211015801377,0.1393355956153513,4008,59.001700000014914,0.26575428480507735
461,73.83990054298734,-0.009640726263017374,-0.009640726263017374,3469,0.05180773366612411,-0.008311077083076768,0.09855180608898965,4008,89.86999402373847,-0.0035695609371728665
462,78.60746036427166,-0.007365937821016688,-0.007365937821016688,3442,0.03990515582857938,-0.007652044694589133,0.076770054836991,4008,97.2384090657472,-0.009173716981910829
463,79.1761637019436,0.05860799524328886,0.05860799524328886,3480,0.022462228552608224,0.07450857512702258,0.04385994997509183,4008,75.23742751298494,0.2201694769879622
464,28.452878173431206,0.05900322320413254,0.05900322320413254,3480,0.0796840450799251,0.1149969600185472,0.14620413857674067,4008,35.20629526683289,-0.023883297759365485
465,81.84061177096194,0.021346498539739356,0.021346498539739356,3480,0.04199620110440942,0.02792747771983972,0.08051397739099089,4008,87.7030136017041,0.010938809277106665
466,60.99075726358423,-0.005767411457327842,-0.005767411457327842,3461,0.05507265022683688,-0.006850994814633138,0.10443303137073218,4008,74.1197080212591,-0.03321097718686139
467,65.11081377010979,0.07437272114031679,0.07437272114031679,3480,0.03128889667141146,0.07941087353128351,0.060520817488532934,4008,85.68226254081341,0.12055545739311668
468,75.07325930605879,0.4758976347360766,0.4758976347360766,3479,0.047926732487325735,0.46691382333271525,0.08794668131900486,4008,85.3415785488858,0.25008693713327845
469,69.37909340313114,-0.04083466759815191,-0.04083466759815191,3480,0.07665340211893547,-0.025024678876138573,0.14263990588023084,4008,65.1322073770317,0.04210870785095944
470,63.43344450662421,0.39577120166000945,0.39577120166000945,3480,0.09881518002254563,0.42565496437394823,0.1686196146804682,4008,50.00450390281665,0.48553527515955597
471,91.77376086341674,-0.09200355078543776,-0.09200355078543776,3480,0.37425716658137687,0.04278504425596086,0.5381179990767032,4008,97.9067817949517,-0.12288803215085164
472,101.27501839276528,-463585.4094719484,-1.0,1818,0.6564207671554079,-0.7571240683910565,0.9557831385380815,4008,100.1414550424065,-14.49677560847622
473,50.53704509203624,0.026237973944693516,0.026237973944693516,3480,0.07691301352432794,0.05197825764517694,0.14228263540258126,4008,59.28414485387141,0.12278721050507169
474,82.59401260391603,0.20360622309781817,0.20360622309781817,3478,0.036290623097696775,0.2289968362952165,0.06931847037239242,4008,83.88443603828853,0.5109351059362592
475,50.87590994154928,0.29883634223783284,0.29883634223783284,3480,0.05493392141787705,0.33252309989344453,0.10151321792585184,4008,63.79797110276603,0.1488012433738366
476,83.60997851021436,0.29995475572147945,0.29995475572147945,3480,0.026254832982257375,0.28819101614994413,0.05064176175567628,4008,88.82699546914722,0.2072410376383894
477,66.24687847112124,0.3655467182213984,0.3655467182213984,3480,0.051235436926567825,0.38089212331338973,0.09463885720212417,4008,64.11701920096377,0.34772496353484283
478,64.52956179424176,0.5100563931658291,0.5100563931658291,3480,0.07216524683647162,0.5235283539869866,0.1253459050721996,4008,73.5012804892646,0.49624417343164984
479,53.121363908072524,0.4292118140387542,0.4292118140387542,3480,0.04719542475022536,0.4273566564859761,0.08720379302254873,4008,61.58105760094248,0.37002117545842184
480,65.70973865820613,-0.09975610113679378,-0.09975610113679378,3480,0.11826315224202563,0.005221891611925322,0.21139484948245885,4008,77.47332464628826,0.1430831539610644
481,64.19645462504988,-0.014873306374086237,-0.014873306374086237,3480,0.08403009656062756,-0.013038820348579616,0.15518760687046307,4008,60.1620035087157,0.18591555631122558
482,59.66865830710438,-0.005096673580240907,-0.005096673580240907,3480,0.07278922896408535,0.01391226242300636,0.1355711161489018,4008,72.34387602365608,0.08964479660424607
483,40.04818295786862,0.4224169664660169,0.4224169664660169,3480,0.09021003176921882,0.48963909786802917,0.1533196849738554,4008,47.55681379277134,0.507516662739284
484,48.464676329248626,0.0946147534974986,0.0946147534974986,3480,0.048703053859958594,0.15567389018997502,0.09209387929159099,4008,61.83061970730993,0.13257880729764926
485,35.63104885698167,0.2759816178013955,0.2759816178013955,3480,0.053716607771955326,0.30696934744245397,0.0997051016188515,4008,40.88329572568804,0.33839236784154036
486,58.88018318092064,0.11038672609248656,0.11038672609248656,3476,0.05952340858466098,0.11638000166037687,0.11153356702406397,4008,67.24609282435017,0.15698758808435254
487,62.362021435799484,-0.00697002850770545,-0.00697002850770545,3480,0.06731716686713485,0.010734246590486607,0.12605649120425574,4008,78.69178799813109,0.020808423480877303
488,84.06676213231225,0.020745411549655923,0.020745411549655923,3480,0.04689635747727825,0.028183051374223278,0.08947497740963396,4008,96.87268180026922,0.08495067741864581
489,44.73899504760165,0.1682045022449582,0.1682045022449582,3480,0.05847454220405017,0.1936364795411777,0.10904177266133203,4008,69.20486185982432,0.2574567189827076
490,59.26961775189922,0.4984610498843438,0.4984610498843438,3480,0.05788332281606397,0.4926606048237281,0.10391121606931937,4008,72.48649167509438,0.4137080653934747
491,64.9051690492154,0.023985182622873635,0.023985182622873635,3480,0.04559378527445228,0.012978620262251828,0.08716130146805429,4008,74.80424321949044,-0.12516731812796755
492,11.56535777648519,-0.06843340822925525,-0.06843340822925525,117,0.31215781389306346,-29.464063862967073,0.6179833039682385,4008,,
493,94.97047834399591,-0.06482883449747012,-0.06482883449747012,3480,0.08077602600069035,-0.0652621965785034,0.15016540494561317,4008,94.46422481686166,-0.06829722672716443
494,66.94987083990009,0.03824121132925862,0.03824121132925862,3480,0.039020260495391874,0.05168283881390234,0.07495630541119962,4008,73.32953101758535,0.025258685624272914
495,47.555031722427735,0.03090623336908649,0.03090623336908649,3480,0.10375764740131153,0.11762851242500993,0.1856811373633672,4008,52.60478880553917,0.12846433767870902
496,84.34791964093294,0.4529725772968003,0.4529725772968003,3468,0.03152191621922225,0.4493620396571818,0.05963022994835335,4008,91.69695718097151,0.4147156599497259
497,91.28939240380687,0.3213350390758406,0.3213350390758406,3480,0.07244155264639639,0.32345151183059073,0.1308701591550719,4008,92.45535035090556,0.29137042403974467
498,99.45653872647488,-0.04327010247477969,-0.04327010247477969,3480,0.04171971812687024,-0.048662801051454485,0.08024691463867073,4008,78.17899244792962,0.04721108251997719
499,130.3857083136876,-0.011303739246942834,-0.011303739246942834,3480,0.04879487036321935,-0.013985173315950394,0.09310915344419926,4008,124.02778595705404,-0.0052020560597516585
500,102.219407609187,0.692371170016626,0.692371170016626,3377,0.037599271350439445,0.6986147195230604,0.06685771891724006,4008,152.77445344873394,-3031.7840116895254
501,66.78551104543153,0.4102386811030858,0.4102386811030858,3480,0.055589374533158896,0.40508692895310916,0.10167785146943845,4008,53.27348799011271,0.23395087964997496
502,88.69992561327044,0.07903888206821519,0.07903888206821519,3480,0.06500569330779732,0.10757038531342134,0.12118417891363628,4008,91.78784678856235,0.048115554677942485
503,93.41981913566826,-0.14986918756632628,-0.14986918756632628,3480,0.39502905732780835,-0.2853743876449377,0.6043313398145572,4008,101.32686820581078,-0.2886771286141525
504,89.52992286668524,0.09792758114967037,0.09792758114967037,3480,0.04354588770537232,0.19033521348937155,0.08264681382422599,4008,105.00911428276648,0.0697308534759935
505,64.12002368224891,0.3524800858278623,0.3524800858278623,3480,0.04514287642473523,0.3670148749258223,0.08427544421335913,4008,68.2726236647707,0.4533619640515535
506,90.41503007336001,0.24922230092728015,0.24922230092728015,3480,0.03406823509998012,0.24045781591156268,0.06521149690131214,4008,98.6417862622857,0.12439305754994545
507,85.32569314087688,0.043679054007478735,0.043679054007478735,3480,0.0654887782755896,0.07916449953386562,0.12228106560501567,4008,83.48947901887325,0.18388401771060514
508,62.468158309423586,0.2970044829188997,0.2970044829188997,3480,0.022325116752379612,0.3101655654251032,0.043250516721972346,4008,73.59978344589321,0.5820673046380679
509,86.01731816080932,-0.12275876001297092,-0.12275876001297092,3480,0.06650917341537588,-0.12171384504025373,0.125572825106815,4008,93.72035946799609,-0.005469800630470756
510,76.31885790797163,-0.022382626620884194,-0.022382626620884194,3480,0.02036922071638546,-0.02097175884701552,0.03994157439164711,4008,92.87744953939927,-0.018288242786298925
511,43.04727040486354,0.04280920338053451,0.04280920338053451,3480,0.09228725745715098,0.10926204386238292,0.16724649978065678,4008,46.13007813419714,0.3158165579551554
512,90.53212361487249,0.09146045129745084,0.09146045129745084,3480,0.045336819405824194,0.08820527611710871,0.0863786655485714,4008,95.39191870743386,0.03913438148645143
513,47.714786342070994,0.0704801796587714,0.0704801796587714,784,0.13595521746873585,-1.1455519579099405,0.2557072677009686,4008,34.61762963213014,0.14445642221950994
514,137.67136976997415,-0.4091262578445245,-0.4091262578445245,3480,0.1785413596546778,-0.3323673716063724,0.3148868984132311,4008,99.07526987667264,-0.005673093917958116
515,83.49218515800142,-0.014980860143981145,-0.014980860143981145,3480,0.03529184096260949,-0.013092545865444949,0.06820761823297249,4008,88.49899206763877,-0.00272730734139226
516,88.59954874821358,-0.00280534158352852,-0.00280534158352852,3462,0.01683689656197391,-0.00197186071380262,0.033117297935200886,4008,87.41487925399744,0.04261574454817307
517,80.1195675642573,0.03213667994741154,0.03213667994741154,3478,0.021174279374768647,0.03388439482412242,0.041440314648069944,4008,94.50950811584798,-0.020015553536038455
518,75.47598270518134,-0.029698294953504734,-0.029698294953504734,3480,0.05661452295804203,-0.027340688396974677,0.10731514066208386,4008,99.33565691760123,-0.010466473285753342
519,68.1495340147001,-0.006976497219450373,-0.006976497219450373,3476,0.014016581089155895,-0.006528624902444102,0.027648143378016722,4008,75.89255390733662,-0.013722192971062253
520,118.39289065934895,0.0076000125642228245,0.0076000125642228245,3474,0.07344462131128492,0.023859193509453758,0.13661068452395933,4008,108.95027788400778,-0.4241385320787978
521,53.56202052971209,0.30767020397893197,0.30767020397893197,3480,0.008996151246930342,0.31156726678515256,0.017760219369514316,4008,70.44577126208361,0.24381680024026098
522,56.4437789532244,-0.04964220462551294,-0.04964220462551294,3435,0.007637809564061796,-0.03638484489494487,0.015163866505347215,4008,61.729534682520125,-0.07470348791309944
523,30.434602492182584,0.48270797172498914,0.48270797172498914,3479,0.0035134331599236336,0.49607570296553716,0.006978213207022874,4008,33.64307951668561,-0.16097661564201227
524,60.86511587030253,-0.042857911667333326,-0.042857911667333326,3355,0.11872436181681792,-0.0005724608585131463,0.212262421299426,4008,66.7750840839746,-0.04998845407411023
525,24.254567347738178,0.03489192391152729,0.03489192391152729,3480,0.004994001449523921,0.04086066812726774,0.009936267211428979,4008,29.06558225459537,0.03074208908763254
526,61.795235384709244,-0.014457101901788505,-0.014457101901788505,1860,0.07052891237194386,-0.16853937316844037,0.13302868294691253,4008,68.00308483311066,-0.10714496418010211
527,55.461192300455785,-0.043729970450537836,-0.043729970450537836,3424,0.10421503841546267,0.022797731650352038,0.1883438914813961,4008,58.65925489869611,0.02888329827110514
528,115.84156468540579,-0.003979726881762291,-0.003979726881762291,3469,0.009380611049357978,-0.00436562887959302,0.018587616791601813,4008,116.29515989571901,-0.009553486828705937
529,95.94482557088303,-15.066611684050347,-1.0,1791,1.3333889572138336e-06,-21.759862703897088,2.6667777581942107e-06,4008,112.27155293371072,-3.4988108759407455
530,88.5039496760688,-0.6302354424230656,-0.6302354424230656,3480,0.07188688482076476,-0.6988554289708528,0.1379369811161924,4008,109.61196222836871,-6.153678749500282
531,38.29919426246769,0.1250640881290943,0.1250640881290943,3480,0.007697571152986614,0.14349562308184405,0.015258015557329486,4008,49.625814878924544,0.16222207843793546
532,49.78799197876941,-0.038932729268067234,-0.038932729268067234,3353,0.004976154490324222,0.007006458083224754,0.00990268399984848,4008,55.97676312049932,-0.017342484258439317
533,79.20862164363756,0.04878438615323355,0.04878438615323355,3480,0.0504998735437372,0.05662105569481135,0.09586785941236933,4008,97.21387439063267,-0.03755060182585446
534,120.91289795429519,-0.13823007477319327,-0.13823007477319327,3480,0.02782766322821168,-0.1303093131879831,0.054318042773211644,4008,125.55056355969147,-0.10685567945264163
535,34.9574380321116,0.2089291949910158,0.2089291949910158,3480,0.003482259175539987,0.243349143386013,0.006932613073665406,4008,44.8853002792608,-0.016865830150067707
536,26.198700874743935,0.0005722787259517803,0.0005722787259517803,3356,0.02399529560768433,0.014705051624959276,0.046849642484846674,4008,36.07709489814803,0.07632012184263937
537,33.40456080834725,-0.04622484457003484,-0.04622484457003484,3480,0.005577114020259136,-0.010339756431822833,0.011092994288624517,4008,45.28311357634159,0.011367756360660675
538,89.60012143681615,0.0035609652057549956,0.0035609652057549956,3480,0.00868656282088294,0.0034000083589008634,0.01722300650746287,4008,97.8412077629806,-0.07671310768286088
539,93.06605946809366,0.07027999081097458,0.07027999081097458,3480,0.025052922494923947,0.054417877525465785,0.04881257018220602,4008,84.17740673355914,0.0034583937819342436
540,26.990771008240344,0.20282551878490318,0.20282551878490318,3480,0.007578378108937083,0.2408663143167188,0.015006942963396455,4008,33.099112184126646,0.16634161223541344
541,74.14609933283691,-0.006212887048548499,-0.006212887048548499,3480,0.027948780577722338,-0.007799047041998852,0.05438921266568378,4008,86.53742837992266,-0.024551840970475247
542,87.89336029858164,-0.006361768089075959,-0.006361768089075959,3480,0.059816775386747775,-0.11292861911349172,0.11353155005885039,4008,78.11596558504861,-0.005744877420447159
543,84.48297392927321,-1.6932248174957913,-1.0,3480,0.09978113473062665,-0.6237885200587914,0.18800918273747028,4008,75.94621780605023,-1.89342849508445
544,40.608671739291744,0.054923391628799445,0.054923391628799445,3480,0.0017767260254674684,0.0679566665839818,0.003546691100926085,4008,61.03698986756786,-0.03215250695445904
546,59.35303876142161,0.03198527866275225,0.03198527866275225,289,0.11173389679818747,-5.885564081097038,0.21989942656866024,4008,,
547,25.7933999078362,0.47590953373091294,0.47590953373091294,3480,0.06568911203353008,0.7022137694979264,0.1076348834065806,4008,20.174501744234753,0.1218041909247457
