id_institution_subnet,test_SMAPE,test_R2,test_R2_clip,test_n_obs,outage_SMAPE,outage_R2
0,30.47834688701626,0.5798769280578853,0.5798769280578853,3192,36.57957304590886,-0.11955718338425081
1,114.64984587937757,-0.034419523354473514,-0.034419523354473514,2344,135.59672111840047,-0.12984852711271366
2,39.53188679099252,0.0004857914305995692,0.0004857914305995692,3185,59.17851354071443,-0.5742956801266321
3,77.86348214095294,-0.003115884158635618,-0.003115884158635618,3191,124.85397943945952,-0.005257234063377636
4,72.54728460432553,0.03869958604266077,0.03869958604266077,3192,92.8264882630587,-0.00396368208374942
5,114.60698377014246,0.02428618115049952,0.02428618115049952,3192,144.25509664565882,-70.17617869047652
6,35.29386741017891,0.48317409410875,0.48317409410875,3192,52.84235477556747,-0.06545974459219273
7,66.16665959044606,0.2949888530340634,0.2949888530340634,3192,68.02719680540828,-0.35542878107382947
8,60.22182831114885,0.18106505508868298,0.18106505508868298,3192,77.51522609314682,-0.8761330308622046
9,77.65386887872123,-0.08853011405018796,-0.08853011405018796,2688,105.3365218644662,-0.8775175353798936
10,64.60641858600883,0.1947316800128741,0.1947316800128741,3192,66.59718698631129,-0.08638209518479112
11,47.76307021459182,-0.008388696182832778,-0.008388696182832778,3097,50.04585841039958,-0.6025882354626377
12,46.700363169411816,-0.05942347395097203,-0.05942347395097203,3192,45.47855394355766,-0.4052261646591946
13,63.90608697730492,-0.002934593375038874,-0.002934593375038874,3192,87.31653851504768,-0.10423878956051391
14,53.14560516124662,0.25690665217479436,0.25690665217479436,3192,71.72194796987701,-0.08517373198324307
15,54.930705260529464,0.0073108874529551615,0.0073108874529551615,3192,76.78143581334137,-0.025724453315655538
16,107.39099732483344,-0.12214391018942994,-0.12214391018942994,3192,114.75807877939117,-0.06744963528347325
17,29.83541782366209,0.4286346611937034,0.4286346611937034,3192,36.08851773924091,-0.38859458028424965
19,98.19870039468314,-0.05429578901540899,-0.05429578901540899,3192,96.38283118508187,-0.023810254144136955
20,29.93622409923942,0.03443040294892363,0.03443040294892363,3192,45.01175167271952,-0.22864710033235025
21,45.91121247741382,-0.009543426959054857,-0.009543426959054857,3188,62.307903247211605,-0.35845494588834925
22,61.8824519983158,0.007471960574757519,0.007471960574757519,3191,99.15382056377308,-1.3234841223268559
23,56.46075042666151,-0.06711653470160583,-0.06711653470160583,3083,68.83732858956361,-0.060570723397953996
24,45.66571133461491,0.1392135874460363,0.1392135874460363,3192,86.22207491269094,-0.10855709488389942
25,36.31297286530261,0.16090530319973062,0.16090530319973062,3192,53.752407222182875,-2.1323354026876156
26,50.507488587722406,-0.0012767643271311968,-0.0012767643271311968,3192,76.92208706223343,-0.003236648583879731
27,79.70931515228801,-0.0011566832740257382,-0.0011566832740257382,3192,97.57224190512103,0.006668717068203267
28,130.18761738390728,-0.07021430195832101,-0.07021430195832101,3192,126.7875265494482,-0.03592301325896119
29,26.115809827107416,0.17054244238527472,0.17054244238527472,3192,58.781135174693475,-0.16642141300226565
30,31.15835597041311,-0.06687830737026124,-0.06687830737026124,3192,43.03777648574436,-0.8543474927972898
31,55.042793788067044,-0.37028974115365054,-0.37028974115365054,3175,63.3630316501295,-0.2337386941046682
32,63.9394438311292,-0.2491738683512783,-0.2491738683512783,3192,112.3570338832705,-0.45300860442819024
33,130.45593376611578,-0.19790781304956595,-0.19790781304956595,3192,137.01841195259036,-0.10689307285637151
34,74.29637905411155,-3.12956471516328,-1.0,3192,68.72441873094304,-5.323738315514086
35,44.566644893603026,-0.00035656641810333234,-0.00035656641810333234,3192,83.86904333261003,-0.07984960350916914
36,68.52486714999793,-0.019234332149501876,-0.019234332149501876,3192,81.43991258645009,-0.007899344413285991
37,63.14907606378577,-0.17560995175495742,-0.17560995175495742,450,68.5280700255584,-0.042359689686364055
38,124.07534945760446,-0.054992231349403786,-0.054992231349403786,3192,134.18787477273392,-0.062307664011018504
39,156.68705584772482,-5.934710853654518,-1.0,2150,163.47156468355638,-2.479085194520657
40,58.17358039503026,-0.027025959167439106,-0.027025959167439106,3192,64.6886858331101,-0.037662523404302206
41,57.05039596476315,0.0007386987011147594,0.0007386987011147594,3192,69.58904583019606,-1.4037519223593495
42,43.76036199996609,-0.07251748832442928,-0.07251748832442928,271,48.01168251950696,-0.06295979037084587
43,43.45881734645505,-0.0033850472656566932,-0.0033850472656566932,3192,71.01207900997436,-0.07727514726633977
44,90.10846713465824,-0.023509329500666754,-0.023509329500666754,3149,109.65863498128752,-0.8108825214667401
45,93.1169230301744,-0.009118383898589322,-0.009118383898589322,3192,97.2503691164201,-0.022768551205692544
46,168.00304969533434,0.0016244894276771227,0.0016244894276771227,2631,164.9002234403466,-0.01783887178153365
47,64.61560079445232,-0.5085708437911332,-0.5085708437911332,3192,65.00419030803253,-4.643216873686608
48,68.07903087262177,-0.0038874488578257704,-0.0038874488578257704,3192,96.25227485878648,-0.0035500039856362076
49,64.00712312034499,-0.012273267879057137,-0.012273267879057137,3192,80.03462286776171,-0.009194376229761936
50,33.870895185958574,-0.007712140249768629,-0.007712140249768629,3192,43.90039316476394,-0.011991465765071485
51,83.75115387878836,-0.02337029790993217,-0.02337029790993217,3192,133.1489739252544,-0.4274609565981091
52,33.99040181565712,-0.3867595517712774,-0.3867595517712774,3192,45.71515377481744,-2.943867844742587
53,50.116588170320874,0.04402394249977459,0.04402394249977459,3192,59.11342134675994,-0.4819446875655744
54,88.68477677721171,-0.0014667787699611523,-0.0014667787699611523,3187,78.95739810678147,-0.24634206526939684
55,99.93431727537661,-0.5904441281728152,-0.5904441281728152,3192,118.50323438523569,-0.03349211042953648
56,165.35269184688096,-6121.677721150308,-1.0,2141,168.75568010236702,-8654.708470039326
57,54.07651243923185,-0.06308843108900386,-0.06308843108900386,3153,59.41102821477332,-0.12509156787876918
58,100.74120009922092,-0.06282184806455104,-0.06282184806455104,3192,133.02931787437976,-0.2346274639679593
59,81.20204526117668,0.051606884971544864,0.051606884971544864,3192,88.48052576795978,-0.28454620920400364
60,71.48672608787075,-1.6982590479313755,-1.0,3192,54.62347362871708,-4.662569880393582
61,57.08428581908497,-0.06256984633770535,-0.06256984633770535,3192,75.29523987100455,-0.25440695165385785
62,110.2010323240604,-0.021979404419590676,-0.021979404419590676,3192,117.63074213440754,-0.021177408492097705
63,56.261543780882164,-0.01743954978434248,-0.01743954978434248,3189,84.69564120813511,-0.0635762579321193
64,69.3463103037637,-0.003940013411377841,-0.003940013411377841,3191,84.81099880108313,-0.008124031061252257
65,58.2955886347025,0.4621891218189651,0.4621891218189651,3192,139.74639885240728,-385.21755268380167
66,88.33911013015639,-0.4824494365921257,-0.4824494365921257,3192,137.0750385979113,-2.5993084878198234
67,83.23143588335914,-0.3955235038496876,-0.3955235038496876,3192,131.1322327173105,-3.4929343589715494
68,62.43222588124048,-0.01650407453828051,-0.01650407453828051,3192,77.70913531230616,-0.0360037585154962
69,78.49424090626411,-0.0010162110194880114,-0.0010162110194880114,1547,80.47776526639399,-0.027425077526450403
70,112.32997267272842,-0.06512131463474224,-0.06512131463474224,3192,112.84560086705272,-0.02471017730336622
71,92.2385414631452,-0.009054282454290075,-0.009054282454290075,3192,87.5303993711132,-0.0026264858388476142
72,39.55097767895942,0.16399337054185115,0.16399337054185115,3192,64.54542692617717,-2.1822571889027915
73,51.29772054713637,-0.08419445070019393,-0.08419445070019393,3104,63.756793965355584,-0.04552814888251788
74,57.660828546355816,-0.061725398945673415,-0.061725398945673415,3157,53.96823511626987,-0.9794829460114116
75,88.12999645119994,-0.005663500137738753,-0.005663500137738753,3192,74.97460403756423,-0.006958495689542099
76,103.55099973517552,-0.029307524377585548,-0.029307524377585548,2028,103.48154423355156,-0.1364454617906441
77,75.07473057005966,-0.012743520687215515,-0.012743520687215515,3192,83.2483997057591,-0.026712621469521247
78,92.07395158847379,-0.003078329796497137,-0.003078329796497137,3192,107.15615258720143,-0.004839591364634188
79,122.8945451144766,-0.027036272751277624,-0.027036272751277624,3192,122.70275365527735,-0.026155486913254755
80,74.53172569165069,-0.008448519390694464,-0.008448519390694464,3192,88.99743048476174,-0.006964502111668436
81,26.140632664575598,0.08477902801514725,0.08477902801514725,3156,37.2771002777405,-2.2813407621611206
82,23.458807847151483,0.051466625394605,0.051466625394605,3192,41.23871726072794,-1.4878513463882976
83,39.45219871056688,-0.03719836037683577,-0.03719836037683577,3192,67.62099182864391,-0.38673965269274824
84,84.55580953249623,0.00416965889730303,0.00416965889730303,3175,139.32393764340213,-0.3558883820463281
85,37.55511171358123,0.050232316507821895,0.050232316507821895,3192,70.70749426103919,-5.406987755751978
86,58.622000906269754,-0.10662146490638569,-0.10662146490638569,3192,94.97506846323043,-0.9843852484927009
87,49.31318738289544,-0.0035781307015214647,-0.0035781307015214647,3180,62.29555899517823,-0.005756783364688101
88,71.37058777536822,0.0669710891607811,0.0669710891607811,3192,36.296490397305476,-1.5605788601416983
89,52.702209639678664,-0.15291425868413855,-0.15291425868413855,3095,64.73675203206056,-0.11911331821816007
90,132.64697569860067,-0.08792634106965802,-0.08792634106965802,1505,141.69914328925896,-0.026151143374373964
91,66.15113599925942,-0.6544815209353012,-0.6544815209353012,3192,76.9638166707261,-1.1877564211818208
92,99.77827995000786,-0.02708374738285735,-0.02708374738285735,3192,107.5088962960224,-0.007200911595668158
93,78.90111284621997,-0.03778693235728592,-0.03778693235728592,3192,100.08427457000104,-1.2516630553806074
94,131.35185666951517,-0.12280634599445617,-0.12280634599445617,3190,148.45359729152153,-0.1111862268341195
95,58.47265365902605,-0.0018927190551021322,-0.0018927190551021322,3192,85.09572840684996,-0.001354026662619301
96,62.64041498005781,0.05915674728366649,0.05915674728366649,3183,89.44909017336497,-2.319429325086812
97,62.44561334565053,0.0433086742901283,0.0433086742901283,3189,94.28456559869684,-1.3015521188352017
98,78.41804988262172,0.0222602177944341,0.0222602177944341,2998,116.14945478534442,-3.3547973476497432
99,77.63295966777993,0.04150670058204475,0.04150670058204475,3033,113.32025433323301,-4.577049783842794
100,43.21783869204553,0.07632016065625935,0.07632016065625935,3192,57.1888179099317,-0.04557972344950145
101,63.86479847350168,0.2328930328833111,0.2328930328833111,3184,143.79722316130585,-3.174267128363307
102,27.492791008660078,0.0019426397564843434,0.0019426397564843434,3192,68.83184030050641,-1.1383200989804108
103,48.352640334884576,-0.5978420292306219,-0.5978420292306219,3192,94.68042436944705,-8.53365762355997
104,46.97913640129384,-0.0038107653506713746,-0.0038107653506713746,3192,72.05037710311503,-0.07452775647377319
105,58.91455078671227,0.2066489925734729,0.2066489925734729,3192,79.49977898703528,-5.310081733294791
106,36.28508946583075,-0.018722112424587323,-0.018722112424587323,3192,38.16647127359099,-0.7341130373903235
107,75.55565076417703,-0.12070224145937924,-0.12070224145937924,3192,70.63467031862533,-0.048730036528037646
108,99.12105137355464,-0.014975176882334518,-0.014975176882334518,3156,148.13774084525534,-0.06680643584372281
109,121.73101813765904,-0.03223996930145456,-0.03223996930145456,3189,133.6044501149377,-0.0739612954027764
110,85.71427556426609,-0.004707659685655452,-0.004707659685655452,3192,88.67469169691795,-0.017426545718807196
111,116.65998025249287,-0.047480065079072764,-0.047480065079072764,2439,126.4950749462454,-0.0318678496377216
112,180.7474135319423,-7551305.78659073,-1.0,1872,178.47439409618931,-1390172.2014364915
113,37.25121715535389,-0.006301104004386993,-0.006301104004386993,3192,84.0080911011559,-0.001487763123135144
114,33.946478879003116,-0.04449572272508684,-0.04449572272508684,3192,36.38467653232931,-0.015273590368869883
115,125.58209532814126,0.00044052020478135834,0.00044052020478135834,3192,139.36165129703102,-0.0030732686552836785
116,75.35329868395176,-0.05716846016499155,-0.05716846016499155,3192,79.50528635844653,-0.16194265749347192
117,70.7174410154673,-0.01154373953006127,-0.01154373953006127,3192,77.91805425438127,-0.0014046560644829231
118,106.61270893715802,-0.0718914086862632,-0.0718914086862632,3192,121.3032936115659,-0.3106952903571114
119,63.74198728915018,-0.013664397345336754,-0.013664397345336754,3192,64.66845321160402,-0.12702323565453288
120,26.783832779189336,0.014135965463670463,0.014135965463670463,3192,41.37744506025086,-0.9436020533876266
121,62.762922325511674,-0.0843174220646814,-0.0843174220646814,3192,95.5014970384942,-0.5625418214623588
122,32.27761272931862,-0.09433804652530342,-0.09433804652530342,3192,46.824842377189576,-0.18199309096523986
123,108.9257563833413,-0.07237891852665834,-0.07237891852665834,3192,114.92739575331146,-0.14884137942303988
124,49.771517412821176,0.5027964083344643,0.5027964083344643,3192,66.60486905344304,-0.9340525498477035
125,85.14387507208981,-0.028667352450374217,-0.028667352450374217,3192,95.98423820591705,-0.005152934139155629
126,35.85457094952639,0.4467800720774786,0.4467800720774786,3192,49.027197062822495,-1.2329977279921982
127,177.97585705474717,-10.006293791707892,-1.0,2287,184.51671410270615,-60.53119689293406
128,77.5125244119096,-0.0368655680905734,-0.0368655680905734,3192,117.84657269815462,-0.07098945804282386
129,91.35808320317769,-0.21190955138605028,-0.21190955138605028,3192,103.41038880090298,-0.6565081211686046
130,80.59274517821828,-0.04003468695944368,-0.04003468695944368,3192,89.86151257145126,-0.009027600262241586
131,93.97616202209879,-0.23737091425531265,-0.23737091425531265,3192,103.31917620532145,-0.2098340721137073
132,100.36613008626448,-0.6425195231495491,-0.6425195231495491,3192,112.41181208360129,-0.8533057233284018
133,121.01862885127643,-1.4926626380367285,-1.0,3183,131.49564793859204,-7.867042350917343
134,111.5278738514605,-0.18638489328275432,-0.18638489328275432,3192,104.89050740827051,-0.4488243798287952
135,92.25158430884078,-0.01240775107128167,-0.01240775107128167,3192,92.6273271655803,-0.008320587486685183
136,47.1990924796932,0.3667960961860707,0.3667960961860707,3192,64.96897223647474,-0.8075497511416154
137,52.940994041580616,-0.48528910247750545,-0.48528910247750545,3192,63.79520373366384,-1.6637984939858743
138,109.26683049752468,-0.008824605707532296,-0.008824605707532296,3192,138.54474536595217,-0.009447846017660355
139,52.16745781644912,-0.05296846711755876,-0.05296846711755876,3192,89.02129257383693,-0.16152548090843877
140,63.26775061532083,-0.014642922763870692,-0.014642922763870692,3115,68.47732649493959,-0.019397174888816426
141,64.44384343177315,0.02296434776737355,0.02296434776737355,3192,97.10363894677278,-0.047335118831258516
142,78.92602262597657,0.013372280212903487,0.013372280212903487,3192,89.85239107926421,0.03850179349313687
143,127.77579268885904,-0.06051348016788105,-0.06051348016788105,3192,137.3931427899776,-0.3983042998064745
144,112.57886716248713,-5.738253015935118,-1.0,3192,142.6086664273074,-17.13414014351191
145,69.09282581335061,0.23113488638026503,0.23113488638026503,3192,85.50975286992853,0.07588412316264126
146,68.0858381510364,0.3977991083702448,0.3977991083702448,3192,69.72573508001175,0.28150677586162276
147,128.74827500171796,-0.40401208011256395,-0.40401208011256395,3192,142.0527783338424,-0.7701646523204262
148,61.75069869075088,0.2315382385393241,0.2315382385393241,3190,81.83504440213216,0.26636942046153733
149,90.8353180804903,0.002568056383456696,0.002568056383456696,3191,91.06578596947205,0.12470752826435105
150,87.97984399111263,0.0632928330282242,0.0632928330282242,3192,103.66931838648372,-0.0860802021049607
151,82.2277098533488,0.0358814153414575,0.0358814153414575,3192,108.39904445754236,-1.043237173527042
152,74.86797940732706,0.2984199884462768,0.2984199884462768,3192,95.40451648864212,-0.19793609714387994
153,70.4034152348091,0.13057972422712816,0.13057972422712816,3192,90.4706026143503,-1.4443939647035045
154,95.32067727973552,-0.08101615092252978,-0.08101615092252978,3192,119.49908547885646,-0.5057840021257518
155,78.19128075912673,-0.005643029990334281,-0.005643029990334281,3192,89.10148169338554,-0.038046687947315805
156,94.74681478893044,-0.08555024596855576,-0.08555024596855576,3190,107.56001188691826,-0.1136060825449614
157,85.3415898764541,-0.02327222545955454,-0.02327222545955454,3192,92.94243535394105,-0.009772407572693265
158,44.737715922873264,0.2622936829687631,0.2622936829687631,3192,63.25181024478809,-0.43395790370384435
159,85.56963555989498,-0.0004949325210896749,-0.0004949325210896749,3192,119.6923841586959,0.0005703349021507487
160,85.54096788159593,-0.04719345263559038,-0.04719345263559038,3192,88.50750095303178,-0.2774340215656419
161,51.07077482743938,0.261956593489734,0.261956593489734,3192,66.35103181762909,0.07417900255624998
162,68.95621787033603,0.19045585960797595,0.19045585960797595,3192,69.00257160466914,-0.07861394422595835
163,102.01635970236644,-0.7582655929474988,-0.7582655929474988,3192,116.9862458575365,-2.9281095983260386
164,46.26099628584691,0.3907188776059841,0.3907188776059841,3192,38.74473184566316,0.2142277572145781
165,110.936652846128,-0.0775159158936678,-0.0775159158936678,3192,128.08755329903104,-0.20975430788994154
166,34.275549027049,-0.13216007125517737,-0.13216007125517737,3192,47.12167665620325,-0.32896450897014695
167,39.0679975508928,0.005709530603113522,0.005709530603113522,3192,40.716580684421075,-0.4863653109048165
168,53.12223303754705,-0.042151155637697224,-0.042151155637697224,3192,67.65593593267796,-0.20097029302125802
169,98.21027094843522,-0.006324410120198243,-0.006324410120198243,3192,105.3276648181594,-0.15417098081751335
170,55.085997760283156,-0.000165822252014447,-0.000165822252014447,3192,63.36419635541872,-0.20174844798107472
171,50.99874842651385,0.04043321106811715,0.04043321106811715,3192,92.04658275060392,-0.4278101853652425
172,39.44622320526802,0.1949448964833994,0.1949448964833994,3192,61.35496921415984,-0.1436540490361793
173,50.48242066684995,0.05360510887112624,0.05360510887112624,3192,64.92344039851405,0.07495558626029752
174,58.687216750559,-0.006167235489914935,-0.006167235489914935,3190,80.12719485213795,-1.1959420477800755
175,63.5185914436146,-1.9120238397844114,-1.0,3190,82.42672177932603,-1.0792775299439774
176,58.46053342003357,0.07798479476907905,0.07798479476907905,3186,51.896294331373895,0.010856069550676084
177,68.16613223667673,-0.003282025419590884,-0.003282025419590884,2989,97.6924179433785,-0.017124827790781172
178,33.341768546777395,0.17964309248808807,0.17964309248808807,3192,49.74318339398434,-0.26843974055683084
179,40.394756967559445,0.20864149187572356,0.20864149187572356,3192,63.51181432204409,0.10528760368003343
180,70.14041312632254,-0.1655481704718298,-0.1655481704718298,3192,118.03766520788554,-0.5806965062789851
181,53.80536163518197,0.44628188927209334,0.44628188927209334,3192,77.81598430449625,0.2755744653063962
182,78.85052670220476,0.05552991864615975,0.05552991864615975,3192,85.09906917299962,-0.1696258595568545
183,170.93278906408122,-0.1744425583284408,-0.1744425583284408,3104,167.00362307668414,-0.17659833461061347
184,50.75085036272684,0.249921464551479,0.249921464551479,3192,72.451538990767,0.11332169550642424
185,48.470688377553344,-0.17885555846665158,-0.17885555846665158,3190,64.83415720384119,-0.10422356295768687
186,42.2480399070893,-0.15571596283658606,-0.15571596283658606,3191,63.459048931898835,-0.6956276960924146
187,45.58937120541646,-0.0835517191848214,-0.0835517191848214,3186,61.530229257491065,-0.03638131214472362
188,95.44382150174782,-0.07753873322923832,-0.07753873322923832,3175,149.4726422580628,-2.33487238968672
189,92.0828807461516,0.05166689632430954,0.05166689632430954,3187,147.95884370025416,-2.748859621396145
190,103.51041606547238,-0.04309118124037736,-0.04309118124037736,3192,97.59999154329932,-0.47598478606647254
191,83.38105979988546,0.07453005652272238,0.07453005652272238,3192,75.04476097309775,0.10868000654740073
192,113.0349431368566,-0.055557158356086545,-0.055557158356086545,3192,112.25445942482601,-0.17185242949067114
193,75.00169886543272,0.14447400618269068,0.14447400618269068,3192,96.16203953881612,-0.05179338182118509
194,83.91130245240558,0.08228581208249663,0.08228581208249663,3192,96.29516240681674,-0.45097214952070774
195,84.26870046729839,0.16793859190135274,0.16793859190135274,3192,108.33703260621843,-0.13898711869667357
196,96.46576367820477,-0.012034103234680904,-0.012034103234680904,3192,106.50628295571978,-1.5136076830783938
197,108.67592217669531,-0.5485946710604999,-0.5485946710604999,3192,122.23858115199957,-2.900618244552569
198,29.331178750615067,0.08530482582020427,0.08530482582020427,3188,43.3181739639948,-1.2140618723647059
199,54.1839410794076,-0.0774464487332871,-0.0774464487332871,3093,64.37443937572193,-0.041689708205072895
200,30.374364220255952,0.36909620359676354,0.36909620359676354,3192,46.419132572465685,-0.43528079407725606
201,51.270700522533794,-0.008237534899049104,-0.008237534899049104,3192,48.80367527787251,-0.022247400644472615
202,43.98590362930893,-0.058001330680954366,-0.058001330680954366,3192,58.34353835369084,-1.0553486552887157
203,77.20801684546294,0.05437232824384863,0.05437232824384863,3192,90.47783517751333,0.06094001242115343
204,70.42010795308845,-0.022771813633507998,-0.022771813633507998,3192,82.56060486794998,-0.1315524877169274
205,49.5328968346302,0.07130141508665833,0.07130141508665833,3192,46.67312953895773,-0.13398989142401874
206,51.52916674743696,0.012561165947017505,0.012561165947017505,3192,65.31208394163168,0.043865805670897706
207,79.71837640818133,0.015239528433954264,0.015239528433954264,3192,84.00697658077428,0.0010552300887367583
208,75.81579701619948,0.009426265492092023,0.009426265492092023,3192,96.88526110605933,-0.023105733044224586
209,113.46442213187056,-0.06270629079277379,-0.06270629079277379,3188,111.03601533343681,-0.04901242406113826
210,150.04440609622597,-0.09201278372446975,-0.09201278372446975,3192,148.76922793973907,-0.030547025596126876
211,36.047877041552454,0.4894904092638924,0.4894904092638924,3192,52.56747264883488,-1.2289805518067807
212,44.36679441428328,-0.1856207964753045,-0.1856207964753045,3192,70.67519776525755,-0.39855400178548717
213,68.04076728861223,-0.016352641962712022,-0.016352641962712022,3192,91.86375300875991,-0.8312227799115874
214,44.01129175946953,0.2621806909754173,0.2621806909754173,3192,56.79289845029039,-0.03627750783186601
216,57.60943635130812,-0.022922787674189316,-0.022922787674189316,1636,66.10955193416872,-0.059738446726328
217,54.288005616088974,-0.4371185213592237,-0.4371185213592237,3126,56.39524435975315,-0.4399698454884897
218,40.522311586307566,-0.1890731812684321,-0.1890731812684321,3192,53.467859636471104,-0.9141227874818474
219,47.54173690072882,-0.03410960752942094,-0.03410960752942094,3168,56.45887160375872,-0.11805167809349859
220,48.15187067164138,-0.2916454652632041,-0.2916454652632041,1590,56.54643222501717,-0.10938408092099516
221,59.39973527823178,-0.16270458154980383,-0.16270458154980383,2279,64.4884190583558,-0.15496102580349258
222,81.85097546845435,0.03610726554093946,0.03610726554093946,3192,92.21570721985373,-106.45743828884325
223,48.628524051130626,-0.05431039479973965,-0.05431039479973965,3147,56.861552467510315,-0.2194008880972813
224,44.3648056118698,-0.20698692501733595,-0.20698692501733595,3192,67.62265627094412,-0.0917524284812028
225,53.28618734472814,-0.4502266002848547,-0.4502266002848547,3069,57.28599291565561,-0.2643493814722624
226,42.08753621180688,-0.10580154760388427,-0.10580154760388427,3192,67.86283332208059,-0.14689183110501758
227,48.386358514492294,-0.056527779929420374,-0.056527779929420374,3181,64.5553915898918,-0.24624895419587856
228,61.58401880634283,-0.11612244996697663,-0.11612244996697663,3184,80.49757799095435,-0.08278199216957516
229,48.86978806782567,-0.02051179216597543,-0.02051179216597543,3102,62.75680705688982,-0.1710098761524772
230,39.45344220448499,-0.14936017889962971,-0.14936017889962971,3192,53.22472375832701,-0.02611084357340765
231,42.79844879992739,-0.12920695933814952,-0.12920695933814952,3192,60.72479838428726,-0.322907707160905
232,47.85658186971722,0.016168292909028437,0.016168292909028437,3175,61.72041718508168,-0.31567915055372064
233,36.813136596837346,-0.0157925690054721,-0.0157925690054721,3192,44.98489494284646,-0.3868770690800456
234,51.47079651534601,0.27842491270754544,0.27842491270754544,3192,52.851939612184054,0.17524306364445874
236,35.325644074952464,0.4789430217269529,0.4789430217269529,3192,51.003032407389234,-0.9661110640791488
237,84.11929780859137,-0.15523168128176534,-0.15523168128176534,3192,91.57463220860316,-0.22477263399059977
238,36.24369027697366,0.4187867753539338,0.4187867753539338,3192,46.48518575493818,-0.39818614161399424
239,27.39317282486608,-0.6292741450681048,-0.6292741450681048,3192,48.673960986917805,-1.337480218348865
240,47.14896872269027,-0.06703471963039265,-0.06703471963039265,3191,67.58705616268804,-0.121247842310656
241,43.29483515275502,0.3710865698216579,0.3710865698216579,3192,70.30767359765252,-0.845326824634582
242,34.48049743123372,0.46743870522499764,0.46743870522499764,3192,52.13581037257911,-0.676492510556572
243,84.75537778109006,0.14969295813091288,0.14969295813091288,3192,97.39833817247782,0.03810835122059142
244,39.601559169559,0.41784251816573836,0.41784251816573836,3192,50.84172483889737,-0.342159416929654
245,39.90266820490856,-0.09986396888667293,-0.09986396888667293,3192,61.006340108250036,-1.15319639208642
246,40.813930173725446,0.17909234540729524,0.17909234540729524,3192,61.02597890937462,-0.16337566862227382
247,127.40210475398106,-0.20851039665643545,-0.20851039665643545,3192,117.57497951544418,-0.21362918566363653
248,118.88177449751383,-0.09457875937094462,-0.09457875937094462,3192,113.77300949935214,-0.1844940416447427
249,38.05733856032922,-0.01948934169919747,-0.01948934169919747,3192,43.77070220299492,-0.9396001071600861
250,36.54451228021977,0.4033443319108224,0.4033443319108224,3192,60.57594016867367,-1.5294558811771752
251,88.08218448500813,0.10773889433222017,0.10773889433222017,3192,95.82007307355786,-1.3528774492207374
252,46.06628784198575,0.012758543313773907,0.012758543313773907,3192,58.8410718675578,0.004595944282910547
253,104.61143455732473,-0.5061787481767697,-0.5061787481767697,3192,116.67656193388109,-2.084673007576653
254,147.29036832291214,-0.2655851646099132,-0.2655851646099132,2609,135.74648740563745,-0.1606942389629169
255,50.07076632750588,-0.0808232508607607,-0.0808232508607607,3117,64.37515012537224,-0.26514616039973604
256,72.96573438074813,0.30295682099429355,0.30295682099429355,3192,86.39821314442058,0.26017303030607575
257,89.1362108274788,0.02349494233889704,0.02349494233889704,3192,96.1518727341795,-0.154490610295146
258,54.41180223932971,0.2256096760716323,0.2256096760716323,3192,75.42038456502445,-0.07373764714394815
259,127.8788894959175,-0.06504894633208913,-0.06504894633208913,3192,154.54352403365527,-0.06635301676051575
260,65.47556058172755,-0.27516066767125236,-0.27516066767125236,755,72.80809584479584,-0.15818411636373808
261,49.2478721383562,0.1913350072723834,0.1913350072723834,3192,60.83913753494182,-0.4283232627403035
262,40.38490237501205,0.23965067795839023,0.23965067795839023,3192,62.258858604899295,-0.5454343190339344
263,34.164582922447664,0.3256171120993405,0.3256171120993405,3192,64.12322020757827,-0.6972337461280576
264,45.59659462169617,0.4966484398122223,0.4966484398122223,3192,72.1516261673722,0.1626678066687548
265,83.19491962632347,0.200704775332599,0.200704775332599,3192,103.71072176401421,-0.07724321420688796
266,89.64923206508976,0.23209280379458952,0.23209280379458952,3192,96.83336015449461,0.020008794973581545
267,108.16597640757173,-0.7493804940852986,-0.7493804940852986,3192,118.51509174599937,-0.966462777548434
268,74.81056360091851,0.17040814100064272,0.17040814100064272,3192,94.96291969324948,-0.25703737059189
269,75.43425497472253,-0.0019121902778531652,-0.0019121902778531652,3175,103.65043310768023,-0.006261825214829653
270,42.67008543300133,0.024296139588658283,0.024296139588658283,3011,57.84665872195491,-0.21223226287537522
271,46.55200555275732,0.41428873871156746,0.41428873871156746,3176,54.81767084874368,0.1444939570838727
272,44.79248899367212,0.06776694094712765,0.06776694094712765,3192,59.39944605930967,-0.03896489485286825
273,44.37509626641009,-0.014882395961131278,-0.014882395961131278,3192,61.78118145999038,-0.271867402343023
274,80.43531059647589,0.1198640730734376,0.1198640730734376,3192,85.3322201514475,-0.07239428858958541
275,67.18690412334414,0.01869369130892784,0.01869369130892784,3192,80.81639640083394,-0.2042966451650574
276,59.82594570566368,0.06975848110317373,0.06975848110317373,3192,69.02472332466661,0.10337152327555932
277,55.45626747796027,0.20058369223315575,0.20058369223315575,3192,69.38081656445485,0.135568764949615
278,31.019577151281645,0.4168359633853941,0.4168359633853941,3192,42.230839839527285,0.12401304534632818
279,31.60702880365181,0.061951566536978864,0.061951566536978864,3192,48.06780674083547,-0.3164890661270361
280,62.95153572107479,0.06405842197466194,0.06405842197466194,3192,99.81551863585337,-0.7279515851400438
281,51.91765543571323,0.00945817035985963,0.00945817035985963,3192,61.98260539476671,0.014889091604253668
282,96.22865484062882,-0.05674734664808301,-0.05674734664808301,3192,120.31549363529903,-0.28879310185071394
283,106.12696391416434,-0.38628037648444247,-0.38628037648444247,3192,119.83496266404818,-6.494840820376462
284,110.00011593751388,-0.47502989862313183,-0.47502989862313183,3192,125.73505673502159,-0.30974254893927666
285,58.58221850831378,-0.09900090767033976,-0.09900090767033976,3191,76.66498982997538,-0.056955572912071206
286,54.67559714776026,0.09654721285784373,0.09654721285784373,3176,79.25133336944253,0.09955224789563677
287,56.172018197463444,0.3630065400495426,0.3630065400495426,3175,76.23149794270488,-0.27782971491441644
288,106.01064217514396,-0.02633038167323498,-0.02633038167323498,3188,103.43518112320824,-0.012984769339027036
289,65.63412937224595,-0.047017335759484524,-0.047017335759484524,3192,68.55769013811098,0.06861029199487556
290,97.01036948178245,0.023811045908684658,0.023811045908684658,3192,84.58922503346112,0.07491902842676179
291,67.58366036007789,0.04243419909976176,0.04243419909976176,3192,86.9096042595373,-0.3959997315067574
292,53.17211984386376,-0.051959823788430226,-0.051959823788430226,3072,67.43056265067851,-0.06886865782816587
293,49.27612162982263,-0.01623955925203524,-0.01623955925203524,3192,64.93453765610478,-0.2891102139211461
294,75.11783336280953,-0.014602290125659056,-0.014602290125659056,3192,109.31592352442468,-0.00867162100155161
295,81.64564262772942,0.13522348815210417,0.13522348815210417,3192,92.19227912092049,-0.15320947522538253
296,97.88399117082723,-0.13553483935699284,-0.13553483935699284,3192,94.67777468218299,0.02655861238476387
297,104.67486586901205,-0.0011528132210052444,-0.0011528132210052444,3192,110.89825042296077,-0.3977268237545146
298,88.59118125165956,0.04478001038713941,0.04478001038713941,3192,104.32987364076102,-0.6958368669673705
299,99.38000423290232,0.06673127836188675,0.06673127836188675,3192,104.19104878802166,-0.46390639937505185
300,39.15304507870093,-0.20754436458079728,-0.20754436458079728,3192,54.54037080803028,-0.7404806579913608
301,89.00112702996111,0.060114343063036646,0.060114343063036646,3192,87.15636307664961,-0.14094634205981804
302,43.71475031393728,0.4595123166803031,0.4595123166803031,3192,50.98495230923902,0.1681639890465113
303,44.46166341341824,0.33768176323109833,0.33768176323109833,3192,50.321090125948295,0.3358330213903701
304,73.21925017999571,0.18861911788212116,0.18861911788212116,3192,74.18389088777569,0.10073682442646426
305,58.49282158476527,0.08395516810844295,0.08395516810844295,2430,69.02156962328849,-0.6908299183608531
306,130.13975246197947,-0.21841943314246826,-0.21841943314246826,3192,125.13310044410477,-0.35210461408726146
307,53.19135731547564,0.10941564338820509,0.10941564338820509,3192,63.71273239425758,-0.0811938653790738
308,73.76316394614915,-0.015803980150977504,-0.015803980150977504,3192,57.77893950937303,-0.010061442096825912
309,94.72102758679517,-0.0007606273703155697,-0.0007606273703155697,3192,106.87771711313681,-0.03209869354517303
310,84.96091917633561,0.02160446733001853,0.02160446733001853,3192,93.31452869086257,-0.0030594456701036332
311,87.39244342769868,0.01690998756853268,0.01690998756853268,3192,96.27899211761591,0.09038916050573087
312,58.60746765914513,-0.00482740890418043,-0.00482740890418043,3162,73.93173448626037,-0.026937699773420976
313,60.1462278639614,0.2227048882385806,0.2227048882385806,3191,75.37187691993061,-0.6962181289372866
314,94.78265251734476,-0.29705062743864397,-0.29705062743864397,3192,111.27014433014888,-0.320009499464033
315,50.996345313308154,0.403689843616846,0.403689843616846,3192,76.43581092816906,0.3140764947767305
316,52.42893734653955,0.4413483681764233,0.4413483681764233,3192,79.89440687044006,0.022525897404037654
317,71.40065953215088,-0.9093178877735986,-0.9093178877735986,3192,66.40822259802846,-1.796316484576725
318,85.54888081881438,-0.08772069740540323,-0.08772069740540323,3192,103.6525969953211,-2.325132574396531
319,65.3548961609438,0.06254459623469877,0.06254459623469877,3192,65.79629573235233,-0.09481576877484299
320,36.82886700106508,0.4535241162701732,0.4535241162701732,3192,62.07172233993573,0.22360538481367254
321,81.23132354682333,0.02634696910267731,0.02634696910267731,3192,104.95731606618301,0.009380916532820138
322,55.42424958419151,0.08441499068769975,0.08441499068769975,3192,78.1219984111224,-0.6733615548800498
323,38.858829034012324,0.19955633633277758,0.19955633633277758,3192,50.055879640044445,-0.12874408989991926
324,46.411173853841994,0.1588800065936461,0.1588800065936461,3192,62.75438281232814,0.014362366437583596
325,31.80598781682787,-0.1887201288873992,-0.1887201288873992,3192,47.179191568933035,-0.681377250699863
326,98.35299036958854,-0.7357729795575956,-0.7357729795575956,3192,105.20691691989055,-1.5117576983907188
327,30.159298366963057,0.35886425338671446,0.35886425338671446,3187,41.020235939770664,0.060384903988942806
328,53.74909663615107,-0.024570855318024165,-0.024570855318024165,3188,68.89712461571492,-0.0004057817487848059
329,98.51245957968018,-0.0013604113553136177,-0.0013604113553136177,3188,114.80745198982545,-0.015486343478668507
330,31.653221254231823,0.36269694196024094,0.36269694196024094,3192,46.462551510703385,0.010046890352375493
331,51.72301308996968,0.13286914248496762,0.13286914248496762,3192,58.1866241276274,-0.1591997098425133
332,101.02840317820363,0.011935844345232538,0.011935844345232538,3192,98.56361685554997,-0.23092135377367473
333,75.3449237810062,0.09127537838238453,0.09127537838238453,3192,78.07653591218585,0.06415815474923536
334,82.93617830307441,0.08877304636721395,0.08877304636721395,3191,99.17237828569911,0.007899443332469502
335,33.12167194158601,0.33655181086343233,0.33655181086343233,3192,49.69342712937815,-0.09584314492150425
336,86.63760588831506,0.1136516503149354,0.1136516503149354,3184,95.15041479386038,-0.248066388393829
337,99.89568892968069,-0.24548720205176866,-0.24548720205176866,3192,114.75789785789243,-1.3403381184272076
338,51.71347969511814,-0.019977801376864335,-0.019977801376864335,3192,66.1260633484748,-0.09854294067025604
339,67.42445402765301,-0.10715665647538275,-0.10715665647538275,3187,116.31083127847681,-0.5141448135429745
340,96.01020872327159,0.08021894538586871,0.08021894538586871,3192,92.32085624686489,0.006573206950760135
341,39.94818670101083,-0.1728433693255389,-0.1728433693255389,3192,84.79912497355035,-0.5722726115929364
342,28.804532202070348,0.25843026032887007,0.25843026032887007,3192,40.42312411116977,0.10388514286900685
343,43.69139919035547,0.1055659176942525,0.1055659176942525,3192,52.22277262052799,0.02490297915394024
344,75.93473217900802,0.06403373044115335,0.06403373044115335,3192,95.03326472878297,-0.07784414217673907
345,46.38967457973962,0.27909371750041356,0.27909371750041356,3192,54.63960260757182,0.3170289034285755
346,76.53383485042359,0.15127327377643607,0.15127327377643607,3192,71.74693645506017,0.21120943439451256
347,38.74566520013901,0.08084774892511326,0.08084774892511326,3191,48.17402169104353,0.03298470067492287
348,45.74862466000164,0.00278675948616669,0.00278675948616669,3192,47.40349894578851,-0.3749858524753271
349,46.95278272121724,0.09333085029639421,0.09333085029639421,3192,69.06883560522392,-0.30432669393267386
350,93.53354261656804,-0.11148371761807385,-0.11148371761807385,3192,113.37032539541678,-0.5426254795047376
351,63.12014279294904,-0.019908249281472612,-0.019908249281472612,961,72.05772813978824,-0.050261351900799056
352,64.0083635606309,-0.0782259604082225,-0.0782259604082225,710,72.85312006353337,-0.12728618223692711
353,69.41156786568607,0.06048854713717744,0.06048854713717744,3192,83.45547381966801,-0.022926889052325317
354,66.79413132205629,0.3082298800714063,0.3082298800714063,3192,90.78875493402333,0.07835874435223855
355,46.59125883615295,0.012495769600152973,0.012495769600152973,3192,63.24230761515436,-0.2335130954258997
356,35.66259470239899,0.06369791341985487,0.06369791341985487,3192,58.10670422218818,0.13808042764940942
357,80.30900347399339,0.21976737780699795,0.21976737780699795,3192,85.17886561690482,-1.0424933406422552
358,75.85330623283232,0.05797437623430113,0.05797437623430113,3192,95.10413644051351,-0.7216297309136133
359,70.79805769902464,-0.009409362951065203,-0.009409362951065203,3192,87.05606815141512,0.11314112383554376
360,58.24295411635171,0.01583256288218171,0.01583256288218171,3192,95.40411674534174,-0.2752308179119629
361,83.84023483128537,0.13083880422488547,0.13083880422488547,3192,124.97758718504679,0.11677713134009016
362,63.38109637369163,0.16978532456351003,0.16978532456351003,3192,79.29977065859048,0.08833735645167484
363,53.55973680837184,0.16933250718931303,0.16933250718931303,3192,72.12933865295906,-0.11364195910158448
364,38.2365797145001,-0.12524804003369483,-0.12524804003369483,3192,57.006292516192545,-0.4815100891388113
365,119.6684291993073,-0.015054323149103821,-0.015054323149103821,3192,147.09938611842315,-0.03937046995055926
366,116.0165541886306,,,1,,
367,66.1295455488592,0.02066217819874927,0.02066217819874927,3192,71.49221299159146,-0.31208965517180776
368,85.89780544287711,0.09700792419726811,0.09700792419726811,3192,95.45831246769686,-0.38570593494039374
369,155.37783692099964,-0.0016684662082169233,-0.0016684662082169233,1916,,
370,64.65126437867966,0.23819444339382412,0.23819444339382412,3192,125.8665515471026,-5.786104660756375
371,58.558529845877175,0.1371368635647845,0.1371368635647845,3192,72.46902608516527,0.29475846467353073
372,87.12356717938253,-0.11652293875687114,-0.11652293875687114,3192,109.88226501555951,-0.7141534181223874
373,77.56855699208485,0.19515411822242246,0.19515411822242246,3192,65.55312963959042,-0.7239376360263898
374,69.1736463819177,0.16214978461975582,0.16214978461975582,3192,118.48269937232281,-0.23468357777376836
375,88.53484902737105,-0.4016534770864464,-0.4016534770864464,3192,124.76122379989188,-2.764496217032041
376,31.484899353326025,0.2667353960444795,0.2667353960444795,3192,54.71315381547397,-1.4760638807116715
377,88.62353767449123,0.05150420788701804,0.05150420788701804,3192,104.66015413309042,-0.039308997144587465
378,92.32539527549133,0.03134021216964589,0.03134021216964589,3192,106.93094317902016,-0.8847840672062954
379,90.13659406828445,0.022281644940942535,0.022281644940942535,3192,99.90096603377877,0.051616174717413754
380,92.06885873701367,0.06480934339723099,0.06480934339723099,3192,93.37041525023328,-0.21752724737062246
381,88.14442753237522,0.13106176953161863,0.13106176953161863,3192,91.39961233299348,-0.3331082200100073
382,94.40977938476462,-0.5221586416729735,-0.5221586416729735,3192,103.01268442331086,-0.8754916113312317
383,97.35026684893917,-0.5064678192180814,-0.5064678192180814,3191,89.84260827709821,-1.4040199635210557
384,65.8024737116944,0.0743246947188343,0.0743246947188343,3192,79.62159523007797,0.028643861448447105
385,77.27982147272783,0.17381990510770906,0.17381990510770906,3192,86.1743920415958,0.14721216677230353
386,69.62222604479932,-0.007200538681395807,-0.007200538681395807,3192,91.80701025330103,-0.010279004544440307
387,38.861316011438454,0.15579874788831982,0.15579874788831982,3192,55.3847503306534,-0.12099716714286646
388,78.44546635896526,0.2068695324724461,0.2068695324724461,3192,95.75349964423962,0.30537828804119393
389,80.4082173082355,0.18127447005108255,0.18127447005108255,3192,94.0936424444726,0.05643123600675004
390,44.63869030385689,0.006329932677742178,0.006329932677742178,3192,99.21482195714708,-0.07342101762325104
391,91.70120644196415,0.02214606588562973,0.02214606588562973,3191,127.16052631298527,-0.2280138914928711
392,54.13762238632928,-0.04381623698531034,-0.04381623698531034,3192,63.324403846163314,-2.530336251226817
393,91.4768372866617,-0.066180785085872,-0.066180785085872,3192,109.75196034423944,-0.03523534892461533
394,46.32327849960103,0.008936778629392017,0.008936778629392017,3192,71.51554668609747,-0.5737307224854675
395,80.83761466547924,0.14397520485430693,0.14397520485430693,3192,89.87355097294422,-1.3883850388371082
396,91.51632196219306,0.034889264161554245,0.034889264161554245,3192,105.87091011254795,0.0021194668938313566
397,92.82273881236135,0.03764364152674049,0.03764364152674049,3192,119.34039910032443,-0.23274888367455038
398,52.171490078671965,0.18834723131722286,0.18834723131722286,3192,102.60841083330423,-0.4861457436218122
399,63.491988059358384,0.11746134460374402,0.11746134460374402,3192,82.53405286842033,-0.1478215319151861
400,86.87851385182725,-0.23115316266430153,-0.23115316266430153,3192,93.61999928398879,-0.34138482248706015
401,63.610668072922735,0.11849920492492683,0.11849920492492683,3192,63.26530783051039,0.1062229122782904
402,47.19514254152193,0.08878452541241588,0.08878452541241588,3192,53.43593681281963,-0.04687568969375411
403,62.465034150705215,-0.09204762050083626,-0.09204762050083626,3192,94.25837381584394,-0.3601156819237623
404,44.94106616355368,0.005645386970515642,0.005645386970515642,3192,59.02924124973767,-0.004149469160730668
405,69.10187141588557,0.07051483910888667,0.07051483910888667,3192,80.9163061744981,0.03610779370370809
406,52.54773909088753,0.21457727969413898,0.21457727969413898,3192,59.692869498071076,0.0471363032999359
407,97.58508151652036,-0.22804480435456242,-0.22804480435456242,3192,98.8941299061876,-0.2668094509530834
408,102.66994128342122,0.01383084507060195,0.01383084507060195,3192,108.88633494284892,-0.012230086658027606
409,87.97806961640717,-1.0600777254625893,-1.0,3192,95.90323186609552,-3.7760339679443566
410,43.85547339189151,0.15995267279242298,0.15995267279242298,3192,41.12981965189406,0.1949623736489604
411,59.73014923559623,0.0014712900665448947,0.0014712900665448947,3192,73.11788363200495,0.1574724253927714
412,90.885124225799,-0.21344173986120563,-0.21344173986120563,3192,110.79734740980246,-0.5247489114584367
413,41.15544663309097,0.2247206566111709,0.2247206566111709,3192,54.36013557927693,-0.15446012366488904
414,61.919178758903215,0.06591320554834657,0.06591320554834657,3192,98.79126491250973,-0.43294223640563945
415,76.30992879125164,0.056493254823355876,0.056493254823355876,3192,89.32434529127603,0.10591346203099816
416,56.66689625517355,0.14241327259052416,0.14241327259052416,3192,73.91745207886439,-0.017693874400829035
417,80.60584962620115,-0.06164796747145784,-0.06164796747145784,3192,85.19598501095133,-0.2599754886209571
418,90.86532174410014,-0.05089846612532756,-0.05089846612532756,3189,118.25643715105407,-0.04746049286207521
419,83.40845012536433,-0.033803832699357717,-0.033803832699357717,3190,92.77853123894744,-0.03167113880256456
420,36.556625084693756,-0.02124809764898261,-0.02124809764898261,3192,58.86909895181108,-0.10199458992455268
421,128.26383994995126,-0.475050663365977,-0.475050663365977,2963,137.61213701195297,-5.236163610349822
422,87.65869549464324,-0.2515630284317285,-0.2515630284317285,3192,108.0632752543887,-1.8907010277293073
423,105.31910315413273,-0.10957125754566732,-0.10957125754566732,3192,114.28632352423651,-0.5306429697467623
424,68.16976686929416,0.075619218267583,0.075619218267583,3192,85.96682479753814,0.07405491159807487
425,88.65299425036322,-0.02126349116350168,-0.02126349116350168,3192,96.29920964099439,-0.08709968450189787
426,61.57678892861711,0.173400104573586,0.173400104573586,3192,77.58216400696195,0.21114374929435908
427,56.38064358579731,0.005971579569880481,0.005971579569880481,3192,74.41311074195708,0.00935349668322305
428,53.658114734471276,-1.178895342448195,-1.0,3192,73.79468692072273,-1.0625348239280457
429,39.78964944926152,-0.000198053935720921,-0.000198053935720921,3192,58.45625892970825,-0.9386664217841936
430,44.78274651699267,-0.08190023474066788,-0.08190023474066788,3189,62.7530252936676,-0.2969466251453077
431,47.40960781594856,-0.10554952263458217,-0.10554952263458217,3190,62.35804575643565,-0.18291317735601487
432,55.73725622475039,-0.008115768306381943,-0.008115768306381943,3192,94.85656610469265,-0.0005544929670258103
433,105.41201507425966,-0.047434053247964236,-0.047434053247964236,3192,119.16096947168067,-0.784425478100848
434,86.94830974327688,0.1406357504547946,0.1406357504547946,3192,96.34874758767488,0.02128505227839006
435,103.79908171303379,-0.1735474073136951,-0.1735474073136951,3192,88.6209016092832,-0.4264049872648219
436,57.55344914111695,-0.21919620712708254,-0.21919620712708254,3192,71.71001085775859,-0.14773223484197073
437,44.67471215835961,0.038272859369669954,0.038272859369669954,3192,66.33606152397957,-0.3495461149148007
438,63.39152445820342,0.30258840794970965,0.30258840794970965,3192,83.61970057689015,0.01453745345555979
439,74.17269164871271,0.10162514781111964,0.10162514781111964,3192,100.49328829732364,-0.060477050046683356
440,89.23452661663973,0.21057911280018593,0.21057911280018593,3192,96.55103496548286,-0.16871783327783585
441,75.70513680599491,0.15587658766723178,0.15587658766723178,3190,90.20747556002728,0.05677483972339059
442,97.36631969176238,0.05549573799600582,0.05549573799600582,3192,98.04457201322847,0.038208363787648136
443,107.42546020080883,-0.044034210919143835,-0.044034210919143835,3192,117.98490539559292,-0.6730092161590997
444,79.8536802856378,0.20103671440003335,0.20103671440003335,3192,96.96302288881951,-0.009532182033956449
445,83.0388565299997,-0.09357418119068917,-0.09357418119068917,3192,96.82318498824613,-0.26908109695630067
446,92.39887271395811,0.014657006671747408,0.014657006671747408,3192,102.33160610699805,-0.07561581918610671
447,70.82560556047103,-0.011731160973676102,-0.011731160973676102,3192,96.36954486519677,-0.23212894564670528
448,88.9308895238111,-0.04998178133415032,-0.04998178133415032,3192,103.56933742778611,-0.10378771949934174
449,102.00895830155943,0.055292634169231025,0.055292634169231025,3168,129.51212940430165,-49.88963208188398
450,89.3908997966181,-0.05907556787655888,-0.05907556787655888,3192,96.52551686162995,-0.07989783808108886
451,104.05470035804771,0.0445921661166343,0.0445921661166343,3192,118.35690548065523,-0.16794367302822244
452,24.456794184558568,0.4220932440037929,0.4220932440037929,3192,46.38395334492915,-0.018479192036212844
453,68.22126510891297,0.19748219816139823,0.19748219816139823,3192,89.03663101603509,0.10709585808539235
454,74.16922211286672,0.19677474004956386,0.19677474004956386,3189,95.83010030152239,-0.15561574543264922
455,99.34167079042146,0.08423047829140817,0.08423047829140817,3192,114.3997015768621,-0.04686989403251385
456,106.53806442194693,-0.02347357759858837,-0.02347357759858837,3192,106.86281331199832,0.014369593648690171
457,37.985698206068626,0.0002599397147523552,0.0002599397147523552,3172,75.52061452738124,-0.3892198064099397
458,54.1537848541734,-0.9506961290732872,-0.9506961290732872,3188,76.63320322135829,-0.8559165606490777
459,43.13052276082117,-0.23864105731618013,-0.23864105731618013,3192,60.66147584458699,-0.6345230352255742
460,56.98753752133716,0.26073477816550084,0.26073477816550084,3192,69.14178026805865,0.19236545894611579
461,80.43822567969718,-0.009928425261479301,-0.009928425261479301,3181,99.62419519156322,-0.009184783386009254
462,87.51372963695434,-0.007621382381094222,-0.007621382381094222,3154,100.68267458685507,-0.009617639838522818
463,95.30051780387791,-0.029001447157570803,-0.029001447157570803,3192,100.9847817071957,-0.14287178921082777
464,32.20556982544652,-0.023659615544924018,-0.023659615544924018,3192,47.16977693690881,-0.5134762154925279
465,89.68319722968874,0.002973051762816925,0.002973051762816925,3192,101.09058417739168,-0.3314432489951018
466,61.5006776677569,-0.005151936600310103,-0.005151936600310103,3174,80.330074393435,-0.040700211379272266
467,69.85009115436287,0.048374007083380355,0.048374007083380355,3192,86.97710725447311,0.08242096206729721
468,95.08128141562227,0.17681757386908215,0.17681757386908215,3191,119.03856595721183,-0.7766322745360055
469,78.85015167968152,-0.07209897437648416,-0.07209897437648416,3192,90.49150615456699,-0.0983534117778353
470,88.03681839110848,0.0445905364215714,0.0445905364215714,3192,65.86639384869298,0.08788641123141805
471,123.62972814275824,-0.044569127179994616,-0.044569127179994616,3192,120.92495616385538,-0.22827474642754164
472,184.8904582286607,-25648050.369847775,-1.0,1537,183.14377740036954,-2792587.4254269227
473,54.59026748958507,-0.0460883935283638,-0.0460883935283638,3192,68.04069105627535,-0.19136923503555203
474,94.89004840217832,-0.012074124354698679,-0.012074124354698679,3190,95.77476624954083,0.026899383855278125
475,68.69444564191235,0.23409741134659112,0.23409741134659112,3192,95.62030862531947,-0.2128256629835592
476,96.66916278738849,-0.028827589817684407,-0.028827589817684407,3192,96.04411926752367,0.10475412502171799
477,71.0003228161274,0.3630786857706483,0.3630786857706483,3192,72.3032885936179,0.04688630547862149
478,80.16822993756793,0.23243827346504697,0.23243827346504697,3192,90.76158278320206,-0.1788033998559495
479,60.050050178533674,0.3634029607726471,0.3634029607726471,3192,78.25413668657458,0.013229714090704947
480,69.87758789509503,-0.27310576471463,-0.27310576471463,3192,93.32021261296318,-0.27188355937261877
481,73.13170250880187,-0.010923757042914595,-0.010923757042914595,3192,69.74185923708053,0.14399237589168
482,64.4266789558593,-0.013021076688847444,-0.013021076688847444,3192,85.33688967575887,-0.030646062551795694
483,49.47939765691827,0.2801636723787735,0.2801636723787735,3192,72.47850522466726,0.25655239746406966
484,55.72476979317621,0.043429924817183885,0.043429924817183885,3192,74.54733462937243,-0.21612534419489493
485,40.62769178705135,0.1253100381348926,0.1253100381348926,3192,49.35487476866968,-0.07266448582160479
486,69.91390273782866,0.07755575014724159,0.07755575014724159,3188,85.12098247320958,-0.15647980470018852
487,66.49026775947922,-0.012400215750294707,-0.012400215750294707,3192,83.1858097293941,-0.046403550477224664
488,90.84357684242526,-0.12831053034868733,-0.12831053034868733,3192,123.35092302137305,-0.5454085366988166
489,54.914844410580045,0.0035240467010037024,0.0035240467010037024,3192,87.28244105468545,-0.4539697036283459
490,67.32844052790186,0.3245026806412238,0.3245026806412238,3192,84.52361338765613,0.036701414243474506
491,73.22617423756266,-0.1636848855248314,-0.1636848855248314,3192,95.79581068681952,-0.0798797056215057
492,10.033986465582569,-0.07397291970745545,-0.07397291970745545,117,,
493,116.85105649508584,-0.0705303945713458,-0.0705303945713458,3192,124.62146998089962,-0.07161297668636157
494,75.53375203915535,0.020084639257864523,0.020084639257864523,3192,78.39350176529824,-0.002599248864099568
495,51.75075786552481,-0.13271129442900143,-0.13271129442900143,3192,78.18113338323779,-0.42587093810665966
496,95.69558481655164,-0.034227350162707504,-0.034227350162707504,3180,110.18234374455207,0.06340753100462793
497,110.23043919959001,0.05989533508790179,0.05989533508790179,3192,113.4519772327777,-0.6977494921189749
498,103.60828057722313,-0.03741231811757162,-0.03741231811757162,3192,116.83864640482082,-0.07200446543969985
499,138.76240225996204,-0.013352260354969614,-0.013352260354969614,3192,145.4333708103554,-0.02051371164388338
500,142.28686735846009,0.5807851189981454,0.5807851189981454,3101,186.0043182945823,-70492338.66300543
501,79.87236212739352,0.1394488834941333,0.1394488834941333,3192,70.16932013201279,-0.09398533739398673
502,107.71285830960386,0.00969014134917201,0.00969014134917201,3192,112.34547685834767,0.049850060948240404
503,129.2171129140715,-0.13632012384029668,-0.13632012384029668,3192,123.1852968802962,-0.469330865451862
504,105.03012402638467,0.01241833997725017,0.01241833997725017,3192,114.49641863055986,-0.11285192565701352
505,72.62381819912247,0.24356693245829109,0.24356693245829109,3192,74.5788421032828,0.17974419336765313
506,108.41932334981956,0.02894669095284841,0.02894669095284841,3192,115.98183751549003,-0.3694112556005249
507,101.19400551639907,-0.02535979668618893,-0.02535979668618893,3192,109.42655628220483,-0.38398357516197446
508,74.01995004469497,0.1276286784031364,0.1276286784031364,3192,96.22984182241316,-0.25815912339113334
509,96.7636321704883,-0.0819747831548383,-0.0819747831548383,3192,115.08646347749819,-0.6026749605924964
510,92.18973960537737,-0.016951545572445603,-0.016951545572445603,3192,114.47607849072065,-0.011393559717325363
511,49.38602100907348,0.0006276578317613302,0.0006276578317613302,3192,60.836565584459414,-0.1483140188364671
512,95.2722995435946,0.02872533356860718,0.02872533356860718,3192,108.86606808996504,0.0011443673632923757
513,49.222940281571056,-0.034744035921824734,-0.034744035921824734,683,47.878631670111616,-0.001994498190675209
514,140.67016211959938,-0.5544200063438003,-0.5544200063438003,3192,131.7086080323264,-0.3806104834924162
515,85.9338167404643,-0.013251554281729971,-0.013251554281729971,3192,111.11211819786462,-0.0037785505031822098
516,91.86424163801601,-0.003951935104984372,-0.003951935104984372,3174,97.07427800959034,0.01362225649999571
517,93.33067959095726,-0.04307242626682117,-0.04307242626682117,3190,110.6240457000544,-0.15871207972301526
518,90.75982948840765,-0.022689740193133412,-0.022689740193133412,3192,121.95986209422902,-0.01266068552659938
519,91.06518122883325,-0.0076211964518542175,-0.0076211964518542175,3188,111.91164655854384,-0.054222514023018364
520,114.54694215908985,-0.0041877694512491015,-0.0041877694512491015,3187,104.98922211186145,-0.0007214643050044156
521,60.02759421753434,0.20784315267884146,0.20784315267884146,3192,92.36880423119467,0.10403664574108218
522,58.144058616702374,-0.10968128493209917,-0.10968128493209917,3149,65.59045999140986,-0.06577372527852177
523,34.40442244156945,0.2282433626545789,0.2282433626545789,3191,60.402345466478224,-2.2171330430319003
524,61.95377887836129,-0.07796669994754257,-0.07796669994754257,3073,76.02265217944007,-0.0995452225136424
525,28.914329558331815,-0.2707902161761113,-0.2707902161761113,3192,38.26132964564713,-0.5038477512107928
526,63.81891625763384,-0.043315721460854384,-0.043315721460854384,1777,81.77238951522568,-0.4652096323086894
527,57.69248358341318,-0.11893987338680923,-0.11893987338680923,3143,73.6013966180876,-0.235281027544344
528,123.3230269542928,-0.004630792958532748,-0.004630792958532748,3183,155.5187495371552,0.003384847502254873
529,131.2077450540618,-75.9312919380101,-1.0,1711,144.59416230039758,-24.049304894674034
530,107.18224637703526,0.012433824267395588,0.012433824267395588,3192,121.62481839577828,-0.13744667631524332
531,45.48651917443742,-0.11032059327975774,-0.11032059327975774,3192,64.47956652255058,-0.15927903301638957
532,53.04748935867822,-0.07630449367831615,-0.07630449367831615,3077,60.073450523611115,0.01750298549395657
533,88.57122313325148,0.005589500983542717,0.005589500983542717,3192,105.67746815680619,-0.02272619829518918
534,127.54438263441239,-0.2879841751121701,-0.2879841751121701,3192,131.82007691311125,-0.17293103673389076
535,40.43438515947461,-0.0847177540689732,-0.0847177540689732,3192,53.639358480463095,-0.5267417043079938
536,31.992632687385107,-0.0008503101962820114,-0.0008503101962820114,3068,48.9388762320742,-0.17661575399416285
537,38.88689848603711,-0.26074727871596703,-0.26074727871596703,3192,48.21749288054831,-0.12025632836950795
538,99.22924424654624,0.023592241269864145,0.023592241269864145,3192,110.17760357332324,-0.9339450013157631
539,108.1487252105408,-0.015908575695251947,-0.015908575695251947,3192,99.42456930869604,-0.044386269733603934
540,30.195045997359983,0.005839064742156452,0.005839064742156452,3192,41.71670339734371,-0.5721310817118181
541,88.12981994967312,-0.008814284906805137,-0.008814284906805137,3192,96.59941898069924,-0.04240389594746885
542,133.51838529174324,-0.007365753183928847,-0.007365753183928847,3192,125.21336554078357,-0.005102055114053261
543,86.03982689668794,-0.16788005726419852,-0.16788005726419852,3192,87.5822404417141,-0.48829641011614733
544,44.33970299075694,-0.14565385558001354,-0.14565385558001354,3192,64.72104304259246,-0.06608050013193623
546,59.60758211345468,0.013988787524411572,0.013988787524411572,289,,
547,35.97967304913266,-0.11342977327370463,-0.11342977327370463,3192,45.57029969969312,-7.53230743825047
